strategy,seed,month,year,cash_italian_lire,real_cash_starting_lire,living,residents,births,graduates,influential,stress,resentment,house_condition,house_capacity,family_properties,family_businesses,village_buildings,living_over_100,unfulfilled_marriage_goals,wealth_fraction,population_fraction
passive,1,0,1800,84.0,100.0,7,7,0,0,0,0.33571428571429,0.17142857142857,80,7,1,0,18,0,0,0.000084,0.07
passive,1,12,1801,1953.8904,2314.46113757721,7,6,0,0,0,0.23857142857143,0.16714285714286,80,7,1,0,18,0,0,0.0019538904,0.07
passive,1,24,1802,3657.15,4310.43844126248,8,7,1,0,0,0.09625,0.13625,87,9,1,0,22,0,0,0.00365715,0.08
passive,1,36,1803,5375.2104,6303.81010214182,8,7,1,0,0,0.02875,0.13125,92,11,1,0,22,0,0,0.0053752104,0.08
passive,1,48,1804,6968.8836,8132.04632541473,8,7,1,0,0,0.064375,0.12625,94,11,1,0,22,0,0,0.0069688836,0.08
passive,1,60,1805,8754.8496,10165.1619682327,8,7,1,0,0,0.0075,0.12625,99,13,1,0,22,0,0,0.0087548496,0.08
passive,1,72,1806,10617.5664,12266.4693701366,8,7,1,0,0,0.039375,0.1225,100,13,1,0,22,0,0,0.0106175664,0.08
passive,1,84,1807,12555.8916,14433.4825179903,8,7,1,0,0,0.039375,0.1175,100,15,1,0,23,0,0,0.0125558916,0.08
passive,1,96,1808,14472.1332,16553.3197394575,8,7,1,0,0,0.0,0.1175,100,15,1,0,23,0,0,0.0144721332,0.08
passive,1,108,1809,15736.056,17909.2510779902,8,7,1,0,0,0.0,0.1175,100,15,1,0,23,0,0,0.015736056,0.08
passive,1,120,1810,16562.7252,18756.0900351421,8,7,1,0,0,0.0,0.1175,100,15,1,0,24,0,0,0.0165627252,0.08
passive,1,132,1811,17171.3976,19348.4035400092,8,7,1,0,0,0.00875,0.115,100,15,1,0,26,0,0,0.0171713976,0.08
passive,1,144,1812,19044.3456,21351.8016448349,8,7,1,1,0,0.0,0.115,100,15,1,0,27,0,0,0.0190443456,0.08
passive,1,156,1813,21813.0108,24333.9754990635,8,7,1,1,0,0.0,0.11,100,17,1,0,29,0,0,0.0218130108,0.08
passive,1,168,1814,24180.7608,26840.8579016095,8,7,1,1,0,0.021875,0.11,100,17,1,0,31,0,0,0.0241807608,0.08
passive,1,180,1815,24848.3844,27444.389140067,8,7,1,1,0,0.0,0.10125,100,19,1,0,31,0,0,0.0248483844,0.08
passive,1,192,1816,25980.8472,28552.0766167089,8,7,1,1,0,0.0,0.10125,100,19,1,0,32,0,0,0.0259808472,0.08
passive,1,204,1817,27204.2232,29747.4470991456,8,7,1,1,0,0.04375,0.10125,100,21,1,0,34,0,0,0.0272042232,0.08
passive,1,216,1818,30099.0984,32748.8337171116,8,7,1,1,0,0.0,0.0975,100,21,1,0,34,0,0,0.0300990984,0.08
passive,1,228,1819,31240.3644,33821.076145209,8,7,1,1,0,0.0,0.0975,100,21,1,0,34,0,0,0.0312403644,0.08
passive,1,240,1820,32291.1204,34784.3125694273,8,7,1,1,0,0.0025,0.0975,100,21,1,0,35,0,0,0.0322911204,0.08
passive,1,252,1821,34221.7764,36680.2122663723,8,7,1,1,0,0.01375,0.0975,100,21,1,0,35,0,0,0.0342217764,0.08
passive,1,264,1822,36995.658,39455.6340422629,8,7,1,1,0,0.0,0.0975,100,21,1,0,35,0,0,0.036995658,0.08
passive,1,276,1823,37747.9116,40057.1622860787,8,7,1,1,0,0.004375,0.09,100,21,1,0,36,0,0,0.0377479116,0.08
passive,1,288,1824,38935.2768,41111.1378411046,8,7,1,1,0,0.004375,0.09,100,21,1,0,36,0,0,0.0389352768,0.08
passive,1,300,1825,40035.6012,42062.1593980574,8,7,1,1,0,0.0,0.085,100,21,1,0,36,0,0,0.0400356012,0.08
passive,1,312,1826,42712.5804,44650.8776234569,8,7,1,1,0,0.0,0.085,100,21,1,0,36,0,0,0.0427125804,0.08
passive,1,324,1827,45218.46,47034.760566738,8,7,1,1,0,0.018125,0.085,100,21,1,0,36,0,0,0.04521846,0.08
passive,1,336,1828,46529.8176,48157.451946314,8,7,1,1,0,0.030625,0.085,100,21,1,0,36,0,0,0.0465298176,0.08
passive,1,348,1829,47385.9456,48798.9728994276,8,7,1,1,0,0.003125,0.085,100,21,1,0,36,0,0,0.0473859456,0.08
passive,1,360,1830,49139.4876,50352.4646419961,8,7,1,1,0,0.00875,0.085,100,21,1,0,36,0,0,0.0491394876,0.08
passive,1,372,1831,49903.2996,50880.1463123822,8,7,1,1,0,0.035625,0.085,100,21,1,0,36,0,0,0.0499032996,0.08
passive,1,384,1832,51373.3248,52117.7601364345,8,7,1,1,0,0.0,0.085,100,21,1,0,36,0,0,0.0513733248,0.08
passive,1,396,1833,52854.606,53353.1283056662,8,7,1,1,0,0.0,0.085,100,21,1,0,36,0,0,0.052854606,0.08
passive,1,408,1834,54306.6552,54545.519701362,8,7,1,1,0,0.00875,0.08,100,21,1,0,36,0,0,0.0543066552,0.08
passive,1,420,1835,55979.4984,55945.3521076613,8,7,1,1,0,0.0,0.08,100,21,1,0,36,0,0,0.0559794984,0.08
passive,1,432,1836,57507.9624,57186.2961262213,8,7,1,1,0,0.0,0.08,100,21,1,0,36,0,0,0.0575079624,0.08
passive,1,444,1837,60266.3544,59630.4229472117,8,7,1,1,0,0.0,0.08,100,21,1,0,36,0,0,0.0602663544,0.08
passive,1,456,1838,62688.0576,61717.2777506313,8,7,1,1,0,0.021875,0.08,100,21,1,0,36,0,0,0.0626880576,0.08
passive,1,468,1839,63711.7656,62412.3548197121,8,7,1,1,0,0.02625,0.08,100,21,1,0,36,0,0,0.0637117656,0.08
passive,1,480,1840,65752.9572,64090.7269896279,8,7,1,1,0,0.0,0.075,100,21,1,0,36,0,0,0.0657529572,0.08
passive,1,492,1841,68779.3008,66706.2680870562,8,7,1,1,0,0.0,0.075,100,21,1,0,36,0,0,0.0687793008,0.08
passive,1,504,1842,72173.9088,69649.5146384369,8,7,1,1,0,0.0,0.075,100,21,1,0,36,0,0,0.0721739088,0.08
passive,1,516,1843,73787.7756,70851.8616681677,8,7,1,1,0,0.058125,0.07125,100,21,1,0,36,0,0,0.0737877756,0.08
passive,1,528,1844,76415.22,73008.8815445855,8,7,1,1,0,0.023125,0.0675,100,21,1,0,36,0,0,0.07641522,0.08
passive,1,540,1845,78995.868,75098.1403712566,8,7,1,1,0,0.009375,0.0675,100,21,1,0,36,0,0,0.078995868,0.08
passive,1,552,1846,80586.8616,76228.6151640055,8,7,1,1,0,0.0,0.0675,100,21,1,0,37,0,0,0.0805868616,0.08
passive,1,564,1847,83538.9996,78627.0600615664,8,7,1,1,0,0.0,0.0675,100,21,1,0,37,0,0,0.0835389996,0.08
passive,1,576,1848,85452.2088,80026.7242105207,8,7,1,1,0,0.0,0.0675,100,21,1,0,37,0,0,0.0854522088,0.08
passive,1,588,1849,86274.1572,80393.5954806582,8,7,1,1,0,0.013125,0.0675,100,21,1,0,37,1,0,0.0862741572,0.08
passive,1,600,1850,87091.2588,80750.3241735858,8,7,1,1,0,0.0,0.0675,100,21,1,0,37,1,0,0.0870912588,0.08
passive,1,612,1851,89406.5172,82483.6487101093,8,7,1,1,0,0.0,0.06375,100,21,1,0,37,1,0,0.0894065172,0.08
passive,1,624,1852,92027.4012,84478.2335962466,8,7,1,2,0,0.0025,0.06,100,21,1,0,37,2,0,0.0920274012,0.08
passive,1,636,1853,96334.5936,87991.1342161342,8,7,1,2,0,0.0,0.05875,100,21,1,0,37,2,0,0.0963345936,0.08
passive,1,648,1854,100588.8576,91418.7969855355,8,7,1,2,0,0.01875,0.05625,100,21,1,0,37,3,0,0.1005888576,0.08
passive,1,660,1855,104196.12,94225.0015349586,8,7,1,2,0,0.0025,0.05625,100,21,1,0,37,3,0,0.10419612,0.08
passive,1,672,1856,105205.5732,94663.4509772621,8,7,1,2,0,0.021875,0.05625,100,21,1,0,37,4,0,0.1052055732,0.08
passive,1,684,1857,107574.8604,96312.6554100751,8,7,1,2,0,0.048125,0.05625,100,21,1,0,37,4,0,0.1075748604,0.08
passive,1,696,1858,111128.094,98997.7698388339,8,7,1,2,0,0.013125,0.05625,100,21,1,0,37,4,0,0.111128094,0.08
passive,1,708,1859,113180.2644,100323.166082994,8,7,1,2,0,0.0,0.05625,100,21,1,0,37,4,0,0.1131802644,0.08
passive,1,720,1860,114210.348,100731.420898434,8,7,1,2,0,0.0,0.05625,100,21,1,0,37,4,0,0.114210348,0.08
passive,1,732,1861,116413.8192,102162.855344694,8,7,1,2,0,0.00125,0.05625,100,21,1,0,37,4,0,0.1164138192,0.08
passive,1,744,1862,120204.6972,104963.644997521,8,7,1,3,0,0.0,0.05625,100,21,1,0,37,4,0,0.1202046972,0.08
passive,1,756,1863,123500.7312,107304.015346592,8,7,1,3,0,0.021875,0.05625,100,21,1,0,37,4,0,0.1235007312,0.08
passive,1,768,1864,126412.4316,109286.170955588,8,7,1,3,0,0.0175,0.05625,100,21,1,0,37,4,0,0.1264124316,0.08
passive,1,780,1865,128823.2064,110814.989341631,8,7,1,3,0,0.0,0.05625,100,21,1,0,37,4,0,0.1288232064,0.08
passive,1,792,1866,131218.7352,112312.794102503,8,7,1,3,0,0.0,0.05625,100,21,1,0,37,4,0,0.1312187352,0.08
passive,1,804,1867,132904.5396,113188.467410522,8,7,1,3,0,0.065,0.05625,100,21,1,0,37,4,0,0.1329045396,0.08
passive,1,816,1868,134744.2152,114183.006315583,8,7,1,3,0,0.00875,0.05625,100,21,1,0,37,4,0,0.1347442152,0.08
passive,1,828,1869,135437.8452,114198.489490497,8,7,1,3,0,0.0175,0.05625,100,21,1,0,37,4,0,0.1354378452,0.08
passive,1,840,1870,136768.9932,114745.841102228,8,7,1,3,0,0.0,0.05625,100,21,1,0,37,4,0,0.1367689932,0.08
passive,1,852,1871,137459.784,114750.329370363,8,7,1,3,0,0.0,0.05625,100,21,1,0,37,4,0,0.137459784,0.08
passive,1,864,1872,141139.9416,117234.975467903,8,7,1,3,0,0.0,0.05625,100,21,1,0,37,4,0,0.1411399416,0.08
passive,1,876,1873,144395.6724,119341.205588544,8,7,1,3,0,0.00875,0.05625,100,21,1,0,37,4,0,0.1443956724,0.08
passive,1,888,1874,148212.7836,121885.175525479,8,7,1,3,0,0.03375,0.05625,100,21,1,0,37,4,0,0.1482127836,0.08
passive,1,900,1875,152238.0552,124571.137564972,8,7,1,3,0,0.021875,0.05625,100,21,1,0,37,4,0,0.1522380552,0.08
passive,1,912,1876,155457.75,126571.393232526,8,7,1,3,0,0.00875,0.05625,100,21,1,0,37,4,0,0.15545775,0.08
passive,1,924,1877,158381.7732,128309.071921171,8,7,1,3,0,0.0,0.05625,100,21,1,0,37,4,0,0.1583817732,0.08
passive,1,936,1878,161461.1208,130151.478348654,8,7,1,3,0,0.035,0.05625,100,21,1,0,37,5,0,0.1614611208,0.08
passive,1,948,1879,165231.6792,132526.716806296,8,7,1,3,0,0.021875,0.05625,100,21,1,0,37,5,0,0.1652316792,0.08
passive,1,960,1880,168979.2384,134856.67597163,8,7,1,3,0,0.0,0.05625,100,21,1,0,37,5,0,0.1689792384,0.08
passive,1,972,1881,171861.4464,136472.939113281,8,7,1,3,0,0.0175,0.05625,100,21,1,0,37,5,0,0.1718614464,0.08
passive,1,984,1882,174185.256,137628.524282643,8,7,1,3,1,0.0,0.05625,100,21,1,0,37,6,0,0.174185256,0.08
passive,1,996,1883,176424.066,138702.365824294,8,7,1,3,1,0.0,0.05625,100,21,1,0,37,6,0,0.176424066,0.08
passive,1,1008,1884,178054.926,139286.496604392,8,7,1,3,1,0.013125,0.05625,100,21,1,0,37,7,0,0.178054926,0.08
passive,1,1020,1885,179703.4764,139875.122638315,8,7,1,3,1,0.0,0.05625,100,21,1,0,37,7,0,0.1797034764,0.08
passive,1,1032,1886,183055.0596,141773.388228887,8,7,1,3,1,0.030625,0.05625,100,21,1,0,37,7,0,0.1830550596,0.08
passive,1,1044,1887,186729.354,143897.933146065,8,7,1,3,1,0.035,0.05625,100,21,1,0,37,7,0,0.186729354,0.08
passive,1,1056,1888,190452.444,146035.180347072,8,7,1,3,1,0.0,0.05625,100,21,1,0,37,7,0,0.190452444,0.08
passive,1,1068,1889,194193.1824,148160.999787154,8,7,1,3,1,0.0,0.05625,100,21,1,0,37,7,0,0.1941931824,0.08
passive,1,1080,1890,196444.6848,149131.430421036,8,7,1,3,1,0.0,0.05625,100,21,1,0,37,7,0,0.1964446848,0.08
passive,1,1092,1891,197815.0608,149422.925341725,8,7,1,3,1,0.0025,0.05625,100,21,1,0,37,7,0,0.1978150608,0.08
passive,1,1104,1892,199794.84,150165.832574365,8,7,1,3,1,0.039375,0.05625,100,21,1,0,37,7,0,0.19979484,0.08
passive,1,1116,1893,202719.0564,151603.914953938,8,7,1,3,1,0.0,0.05625,100,21,1,0,37,7,0,0.2027190564,0.08
passive,1,1128,1894,206089.9008,153356.267742052,8,7,1,3,1,0.0,0.05625,100,21,1,0,37,7,0,0.2060899008,0.08
passive,1,1140,1895,207778.578,153841.876945534,8,7,1,3,1,0.021875,0.05625,100,21,1,0,37,7,0,0.207778578,0.08
passive,1,1152,1896,210201.3816,154859.675975316,8,7,1,3,1,0.0,0.05625,100,21,1,0,37,7,0,0.2102013816,0.08
passive,1,1164,1897,212715.258,155930.259877424,8,7,1,3,1,0.004375,0.05625,100,21,1,0,37,7,0,0.212715258,0.08
passive,1,1176,1898,214389.504,156373.896953054,8,7,1,3,1,0.048125,0.05625,100,21,1,0,37,7,0,0.214389504,0.08
passive,1,1188,1899,216854.4,157383.050211323,8,7,1,3,1,0.02625,0.05625,100,21,1,0,37,7,0,0.2168544,0.08
passive,1,1200,1900,220520.3112,159245.546693874,8,7,1,3,1,0.0,0.05625,100,21,1,0,37,7,0,0.2205203112,0.08
passive,2,0,1800,84.0,100.0,7,7,0,0,0,0.33571428571429,0.17142857142857,80,7,1,0,18,0,0,0.000084,0.07
passive,2,12,1801,1854.9048,2197.20874492521,7,6,0,0,0,0.25142857142857,0.16142857142857,84,7,1,0,18,0,0,0.0018549048,0.07
passive,2,24,1802,3623.7936,4271.12348048097,7,6,0,0,0,0.13714285714286,0.15285714285714,92,9,1,0,22,0,0,0.0036237936,0.07
passive,2,36,1803,5297.9892,6213.24847860806,7,6,0,0,0,0.04928571428571,0.15285714285714,100,11,1,0,22,0,0,0.0052979892,0.07
passive,2,48,1804,6190.044,7223.21213176175,7,6,0,0,0,0.0,0.15285714285714,100,13,1,0,22,0,0,0.006190044,0.07
passive,2,60,1805,7919.7132,9195.49405165687,7,6,0,0,0,0.0,0.14857142857143,100,13,1,0,22,0,0,0.0079197132,0.07
passive,2,72,1806,10064.166,11627.1261534065,7,6,0,0,0,0.04285714285714,0.13285714285714,100,13,1,0,22,0,0,0.010064166,0.07
passive,2,84,1807,12004.6332,13799.7896881401,7,6,0,0,0,0.00428571428571,0.12285714285714,100,13,1,0,23,0,0,0.0120046332,0.07
passive,2,96,1808,13286.0532,15196.6737491777,7,6,0,0,0,0.0,0.11714285714286,100,13,1,0,23,0,0,0.0132860532,0.07
passive,2,108,1809,14611.422,16629.3018533024,7,6,0,0,0,0.03,0.11714285714286,100,15,1,0,23,0,0,0.014611422,0.07
passive,2,120,1810,15560.2356,17620.8429686211,7,6,0,0,0,0.0,0.11142857142857,100,17,1,0,24,0,0,0.0155602356,0.07
passive,2,132,1811,16533.5352,18629.6723449317,7,6,0,1,0,0.00857142857143,0.10714285714286,100,19,1,0,26,0,0,0.0165335352,0.07
passive,2,144,1812,19063.6068,21373.3965754499,7,6,0,1,0,0.0,0.10714285714286,100,19,1,0,27,0,0,0.0190636068,0.07
passive,2,156,1813,21171.8472,23618.711591832,7,6,0,1,0,0.07285714285714,0.10428571428571,100,19,1,0,29,0,0,0.0211718472,0.07
passive,2,168,1814,23848.314,26471.8390195136,7,6,0,1,0,0.04714285714286,0.10428571428571,100,19,1,0,31,0,0,0.023848314,0.07
passive,2,180,1815,26636.862,29419.7157622152,7,6,0,1,0,0.0,0.10428571428571,100,19,1,0,31,0,0,0.026636862,0.07
passive,2,192,1816,27370.4088,30079.158045633,7,6,0,1,0,0.03,0.10428571428571,100,19,1,0,32,0,0,0.0273704088,0.07
passive,2,204,1817,28070.406,30694.6061792545,7,6,0,1,0,0.04285714285714,0.10428571428571,100,21,1,0,34,0,0,0.028070406,0.07
passive,2,216,1818,29023.8648,31578.9433135688,7,6,0,1,0,0.0,0.10428571428571,100,21,1,0,34,0,0,0.0290238648,0.07
passive,2,228,1819,31520.3616,34124.203423124,7,6,0,1,0,0.0,0.10428571428571,100,21,1,0,34,0,0,0.0315203616,0.07
passive,2,240,1820,34257.2832,36902.2824803624,7,6,0,1,0,0.00714285714286,0.10428571428571,100,21,1,0,35,0,0,0.0342572832,0.07
passive,2,252,1821,36713.8632,39351.3264640042,7,6,0,1,0,0.0,0.10428571428571,100,21,1,0,35,0,0,0.0367138632,0.07
passive,2,264,1822,39519.0768,42146.8441488155,7,6,0,1,0,0.00142857142857,0.10428571428571,100,21,1,0,35,0,0,0.0395190768,0.07
passive,2,276,1823,42407.736,45002.0541835004,7,6,0,1,0,0.00285714285714,0.1,100,21,1,0,35,0,0,0.042407736,0.07
passive,2,288,1824,44576.9436,47068.0838430496,7,6,0,1,0,0.01428571428571,0.1,100,21,1,0,36,0,0,0.0445769436,0.07
passive,2,300,1825,47177.088,49565.140422874,7,6,0,1,0,0.0,0.1,100,21,1,0,36,0,0,0.047177088,0.07
passive,2,312,1826,50164.8588,52441.3404739367,7,6,0,1,0,0.00857142857143,0.1,100,21,1,0,36,0,0,0.0501648588,0.07
passive,2,324,1827,53320.7304,55462.4767762456,7,6,0,1,0,0.0,0.1,100,21,1,0,36,0,0,0.0533207304,0.07
passive,2,336,1828,55517.3892,57459.4129202822,7,6,0,1,0,0.00857142857143,0.09,100,21,1,0,36,0,0,0.0555173892,0.07
passive,2,348,1829,57938.3112,59666.0052318847,7,6,0,1,0,0.0,0.08428571428571,100,21,1,0,36,0,0,0.0579383112,0.07
passive,2,360,1830,60298.0392,61786.4580012368,7,6,0,2,0,0.00071428571429,0.08428571428571,100,21,1,0,36,0,0,0.0602980392,0.07
passive,2,372,1831,63646.1112,64891.9705916629,7,6,0,2,0,0.00285714285714,0.07857142857143,100,21,1,0,36,0,0,0.0636461112,0.07
passive,2,384,1832,65641.8588,66593.0551539484,7,6,0,2,0,0.02142857142857,0.07857142857143,100,21,1,0,36,0,0,0.0656418588,0.07
passive,2,396,1833,68481.6804,69127.5965801132,7,6,0,2,0,0.0,0.07857142857143,100,21,1,0,36,0,0,0.0684816804,0.07
passive,2,408,1834,71513.19,71827.7363922838,7,6,0,2,0,0.0,0.07857142857143,100,21,1,0,36,0,0,0.07151319,0.07
passive,2,420,1835,73709.1264,73664.1654151749,7,6,0,2,0,0.03,0.07857142857143,100,21,1,0,36,0,0,0.0737091264,0.07
passive,2,432,1836,74407.6788,73991.4852890277,7,6,0,2,0,0.04071428571429,0.07857142857143,100,21,1,0,36,0,0,0.0744076788,0.07
passive,2,444,1837,75900.4008,75099.4986610121,7,5,0,2,0,0.0,0.07857142857143,100,21,1,0,36,0,0,0.0759004008,0.07
passive,2,456,1838,77802.4632,76597.6234522486,7,6,0,2,0,0.0,0.07857142857143,100,21,1,0,36,0,0,0.0778024632,0.07
passive,2,468,1839,81177.7008,79522.0697160843,7,6,0,2,0,0.0,0.07857142857143,100,21,1,0,36,0,0,0.0811777008,0.07
passive,2,480,1840,85017.1896,82867.9609269198,7,6,0,2,0,0.0,0.07857142857143,100,21,1,0,36,0,0,0.0850171896,0.07
passive,2,492,1841,88697.9604,86024.5721663034,7,6,0,2,0,0.03857142857143,0.07857142857143,100,21,1,0,36,0,0,0.0886979604,0.07
passive,2,504,1842,92413.7844,89181.4692647095,7,6,0,2,0,0.01571428571429,0.07857142857143,100,21,1,0,36,0,0,0.0924137844,0.07
passive,2,516,1843,95715.5388,91907.1493808757,7,6,0,2,0,0.0,0.07428571428571,100,21,1,0,36,0,0,0.0957155388,0.07
passive,2,528,1844,97897.464,93533.5179652865,7,6,0,2,0,0.0,0.07428571428571,100,21,1,0,36,0,0,0.097897464,0.07
passive,2,540,1845,99914.9928,94985.0966190725,7,6,0,2,0,0.00357142857143,0.07428571428571,100,21,1,0,36,0,0,0.0999149928,0.07
passive,2,552,1846,101465.5488,95978.1547303713,7,6,0,2,0,0.00857142857143,0.07428571428571,100,21,1,0,37,0,0,0.1014655488,0.07
passive,2,564,1847,103331.2224,97255.5365611521,7,6,0,2,0,0.0,0.07428571428571,100,21,1,0,37,0,0,0.1033312224,0.07
passive,2,576,1848,107134.4904,100332.36632586,7,6,0,2,0,0.0,0.07428571428571,100,21,1,0,37,0,0,0.1071344904,0.07
passive,2,588,1849,109659.3456,102184.81822318,7,6,0,2,0,0.02714285714286,0.07428571428571,100,21,1,0,37,1,0,0.1096593456,0.07
passive,2,600,1850,111642.6108,103514.142956508,7,6,0,2,0,0.0,0.06857142857143,100,21,1,0,37,1,0,0.1116426108,0.07
passive,2,612,1851,113118.7596,104359.819860757,7,6,0,2,0,0.02142857142857,0.06142857142857,100,21,1,0,37,1,0,0.1131187596,0.07
passive,2,624,1852,115568.8044,106088.494592219,7,6,0,2,0,0.00142857142857,0.06142857142857,100,21,1,0,37,2,0,0.1155688044,0.07
passive,2,636,1853,118297.2,108051.577461504,7,6,0,2,0,0.01428571428571,0.06142857142857,100,21,1,0,37,2,0,0.1182972,0.07
passive,2,648,1854,121469.8464,110396.195889452,7,6,0,3,0,0.00428571428571,0.06142857142857,100,21,1,0,37,3,0,0.1214698464,0.07
passive,2,660,1855,125416.7544,113414.912914699,7,6,0,3,0,0.0,0.06142857142857,100,21,1,0,37,3,0,0.1254167544,0.07
passive,2,672,1856,129235.176,116285.167940265,7,6,0,3,0,0.02142857142857,0.06142857142857,100,21,1,0,37,4,0,0.129235176,0.07
passive,2,684,1857,132777.6156,118876.88898599,7,6,0,3,0,0.05142857142857,0.06142857142857,100,21,1,0,37,4,0,0.1327776156,0.07
passive,2,696,1858,136405.206,121515.727502775,7,6,0,3,0,0.00857142857143,0.06142857142857,100,21,1,0,37,4,0,0.136405206,0.07
passive,2,708,1859,138604.7292,122859.452053198,7,6,0,3,0,0.00857142857143,0.06142857142857,100,21,1,0,37,4,0,0.1386047292,0.07
passive,2,720,1860,141343.9356,124662.744818576,7,6,0,3,0,0.0,0.05857142857143,100,21,1,0,37,4,0,0.1413439356,0.07
passive,2,732,1861,145696.4712,127860.82969983,7,6,0,3,0,0.0,0.05857142857143,100,21,1,0,37,4,0,0.1456964712,0.07
passive,2,744,1862,149608.116,130638.931276073,7,6,0,3,0,0.0,0.05857142857143,100,21,1,0,37,4,0,0.149608116,0.07
passive,2,756,1863,152441.7804,132449.540861531,7,6,0,3,0,0.02142857142857,0.05857142857143,100,21,1,0,37,4,0,0.1524417804,0.07
passive,2,768,1864,155392.02,134339.626632529,7,6,0,3,0,0.0,0.05857142857143,100,21,1,0,37,4,0,0.15539202,0.07
passive,2,780,1865,157750.3704,135698.420362516,7,6,0,3,0,0.01285714285714,0.05857142857143,100,21,1,0,37,4,0,0.1577503704,0.07
passive,2,792,1866,158349.786,135534.814324239,7,6,0,3,0,0.0,0.05857142857143,100,21,1,0,37,4,0,0.158349786,0.07
passive,2,804,1867,159587.526,135913.096273025,7,6,0,3,0,0.0,0.05857142857143,100,21,1,0,37,4,0,0.159587526,0.07
passive,2,816,1868,161492.52,136849.670345472,7,6,0,3,0,0.0,0.05857142857143,100,21,1,0,37,4,0,0.16149252,0.07
passive,2,828,1869,163607.934,137950.946457179,7,6,0,3,0,0.03,0.05857142857143,100,21,1,0,37,4,0,0.163607934,0.07
passive,2,840,1870,166170.3372,139412.849814375,7,6,0,3,0,0.02571428571429,0.05857142857143,100,21,1,0,37,4,0,0.1661703372,0.07
passive,2,852,1871,169692.0708,141657.584852883,7,6,0,3,0,0.0,0.05857142857143,100,21,1,0,37,4,0,0.1696920708,0.07
passive,2,864,1872,173844.3084,144400.18182995,7,6,0,3,0,0.0,0.05857142857143,100,21,1,0,37,4,0,0.1738443084,0.07
passive,2,876,1873,176446.746,145831.014460622,7,6,0,3,0,0.01714285714286,0.05857142857143,100,21,1,0,37,4,0,0.176446746,0.07
passive,2,888,1874,178560.9672,146842.494287863,7,6,0,3,0,0.00357142857143,0.05857142857143,100,21,1,0,37,4,0,0.1785609672,0.07
passive,2,900,1875,178916.4384,146401.136242059,7,6,0,3,0,0.02785714285714,0.05857142857143,100,21,1,0,37,4,0,0.1789164384,0.07
passive,2,912,1876,180451.4544,146920.896476655,7,6,0,3,0,0.005,0.05857142857143,100,21,1,0,37,4,0,0.1804514544,0.07
passive,2,924,1877,182245.224,147641.455712063,7,6,0,3,0,0.01714285714286,0.05857142857143,100,21,1,0,37,4,0,0.182245224,0.07
passive,2,936,1878,183950.5752,148279.902844359,7,6,0,3,0,0.03,0.05857142857143,100,21,1,0,37,5,0,0.1839505752,0.07
passive,2,948,1879,186929.1144,149929.492497348,7,6,0,3,0,0.0,0.05857142857143,100,21,1,0,37,5,0,0.1869291144,0.07
passive,2,960,1880,191160.3876,152558.708947196,7,6,0,3,0,0.0,0.05857142857143,100,21,1,0,37,5,0,0.1911603876,0.07
passive,2,972,1881,194404.4004,154374.005659149,7,6,0,3,0,0.04714285714286,0.05857142857143,100,21,1,0,37,5,0,0.1944044004,0.07
passive,2,984,1882,196486.7772,155249.564791457,7,6,0,3,0,0.0,0.05857142857143,100,21,1,0,37,6,0,0.1964867772,0.07
passive,2,996,1883,199059.9492,156498.410454409,7,6,0,3,0,0.0,0.05857142857143,100,21,1,0,37,6,0,0.1990599492,0.07
passive,2,1008,1884,202588.2684,158478.121288181,7,6,0,3,0,0.0,0.05857142857143,100,21,1,0,37,7,0,0.2025882684,0.07
passive,2,1020,1885,206718.8928,160903.011234438,7,6,0,3,0,0.03,0.05857142857143,100,21,1,0,37,7,0,0.2067188928,0.07
passive,2,1032,1886,209170.1304,161999.117467093,7,6,0,3,0,0.00142857142857,0.05857142857143,100,21,1,0,37,7,0,0.2091701304,0.07
passive,2,1044,1887,211975.3608,163353.086398036,7,6,0,3,0,0.01714285714286,0.05857142857143,100,21,1,0,37,7,0,0.2119753608,0.07
passive,2,1056,1888,215505.1752,165245.120855784,7,6,0,3,0,0.02142857142857,0.05857142857143,100,21,1,0,37,7,0,0.2155051752,0.07
passive,2,1068,1889,219454.9224,167434.614898182,7,6,0,3,0,0.0,0.05857142857143,100,21,1,0,37,7,0,0.2194549224,0.07
passive,2,1080,1890,223618.3656,169760.392164818,7,6,0,3,0,0.03214285714286,0.05857142857143,100,21,1,0,37,7,0,0.2236183656,0.07
passive,2,1092,1891,227869.5552,172125.091975311,7,6,0,3,0,0.0,0.05857142857143,100,21,1,0,37,7,0,0.2278695552,0.07
passive,2,1104,1892,232322.412,174613.560708899,7,6,0,3,0,0.0,0.05857142857143,100,21,1,0,37,7,0,0.232322412,0.07
passive,2,1116,1893,235581.2172,176179.957875603,7,6,0,3,0,0.0,0.05857142857143,100,21,1,0,37,7,0,0.2355812172,0.07
passive,2,1128,1894,238091.6916,177169.541362444,7,6,0,3,0,0.0,0.05857142857143,100,21,1,0,37,7,0,0.2380916916,0.07
passive,2,1140,1895,242102.3976,179255.66542186,7,6,0,3,0,0.00428571428571,0.05857142857143,100,21,1,0,37,7,0,0.2421023976,0.07
passive,2,1152,1896,246362.1888,181500.085488199,7,6,0,3,0,0.0,0.05857142857143,100,21,1,0,37,7,0,0.2463621888,0.07
passive,2,1164,1897,250465.572,183603.010425833,7,6,0,3,0,0.03,0.05857142857143,100,21,1,0,37,7,0,0.250465572,0.07
passive,2,1176,1898,254707.1184,185781.225026254,7,6,0,3,0,0.0,0.05857142857143,100,21,1,0,37,7,0,0.2547071184,0.07
passive,2,1188,1899,257926.578,187191.367001125,7,6,0,3,0,0.00857142857143,0.05857142857143,100,21,1,0,37,7,0,0.257926578,0.07
passive,2,1200,1900,259640.3376,187495.50678529,7,6,0,3,0,0.00857142857143,0.05857142857143,100,21,1,0,37,7,0,0.2596403376,0.07
passive,3,0,1800,84.0,100.0,7,7,0,0,0,0.33571428571429,0.17142857142857,80,7,1,0,18,0,0,0.000084,0.07
passive,3,12,1801,1568.91,1858.4364933449,7,6,0,0,0,0.25428571428571,0.17142857142857,90,7,1,0,18,0,0,0.00156891,0.07
passive,3,24,1802,3436.3308,4050.17359889921,7,6,0,0,0,0.17857142857143,0.16714285714286,90,7,1,0,22,0,0,0.0034363308,0.07
passive,3,36,1803,5225.4216,6128.14439226975,7,6,0,0,0,0.10142857142857,0.16142857142857,99,7,1,0,22,0,0,0.0052254216,0.07
passive,3,48,1804,6925.2792,8081.164000333,7,6,0,0,0,0.00357142857143,0.16142857142857,100,7,1,0,22,0,0,0.0069252792,0.07
passive,3,60,1805,8383.7124,9734.2385460375,7,6,0,0,0,0.0,0.15714285714286,100,9,1,0,22,0,0,0.0083837124,0.07
passive,3,72,1806,9877.3248,11411.2686046484,7,6,0,0,0,0.06428571428571,0.14857142857143,100,11,1,0,22,0,0,0.0098773248,0.07
passive,3,84,1807,11682.2748,13429.2262523323,7,6,0,0,0,0.04428571428571,0.14,100,11,1,0,23,0,0,0.0116822748,0.07
passive,3,96,1808,13620.7344,15579.4842746077,7,6,0,0,0,0.00357142857143,0.14,100,13,1,0,23,0,0,0.0136207344,0.07
passive,3,108,1809,15047.8104,17125.9567599145,7,6,0,0,0,0.0,0.13,100,15,1,0,23,0,0,0.0150478104,0.07
passive,3,120,1810,16403.184,18575.4211491116,7,6,0,0,0,0.04571428571429,0.12571428571429,100,17,1,0,24,0,0,0.016403184,0.07
passive,3,132,1811,16852.4664,18989.0379424705,7,6,0,0,0,0.0,0.12142857142857,100,21,1,0,26,0,0,0.0168524664,0.07
passive,3,144,1812,17891.3784,20059.1383276243,7,6,0,0,0,0.0,0.12142857142857,100,21,1,0,27,0,0,0.0178913784,0.07
passive,3,156,1813,19210.5648,21430.7606342161,7,6,0,0,0,0.01285714285714,0.11571428571429,100,21,1,0,29,0,0,0.0192105648,0.07
passive,3,168,1814,20089.8348,22299.8939360754,7,6,0,0,0,0.02714285714286,0.11142857142857,100,21,1,0,31,0,0,0.0200898348,0.07
passive,3,180,1815,21713.1012,23981.5510408176,7,6,0,1,0,0.0,0.11142857142857,100,21,1,0,31,0,0,0.0217131012,0.07
passive,3,192,1816,23055.606,25337.3349948593,7,6,0,1,0,0.0,0.11142857142857,100,21,1,0,32,0,0,0.023055606,0.07
passive,3,204,1817,24334.9596,26609.9464792233,7,6,0,1,0,0.0,0.10857142857143,100,21,1,0,33,0,0,0.0243349596,0.07
passive,3,216,1818,25538.2512,27786.4782147304,7,6,0,1,0,0.0,0.10857142857143,100,21,1,0,34,0,0,0.0255382512,0.07
passive,3,228,1819,28081.788,30401.5752851338,7,6,0,1,0,0.04857142857143,0.10857142857143,100,21,1,0,34,0,0,0.028081788,0.07
passive,3,240,1820,30239.1516,32573.9115911475,7,6,0,1,0,0.0,0.10285714285714,100,21,1,0,35,0,0,0.0302391516,0.07
passive,3,252,1821,31030.8348,33260.0386947398,7,6,0,1,0,0.01285714285714,0.10142857142857,100,21,1,0,35,0,0,0.0310308348,0.07
passive,3,264,1822,32387.8884,34541.4770596066,7,6,0,1,0,0.0,0.09714285714286,100,21,1,0,35,0,0,0.0323878884,0.07
passive,3,276,1823,35427.9156,37595.2391667331,7,6,0,1,0,0.0,0.09714285714286,100,21,1,0,35,0,0,0.0354279156,0.07
passive,3,288,1824,38380.818,40525.6936365827,7,6,0,1,0,0.0,0.09142857142857,100,21,1,0,36,0,0,0.038380818,0.07
passive,3,300,1825,41047.1292,43124.8898353763,7,6,0,1,0,0.0,0.08714285714286,100,21,1,0,36,0,0,0.0410471292,0.07
passive,3,312,1826,43294.3644,45259.0629858024,7,6,0,1,0,0.0,0.08714285714286,100,21,1,0,36,0,0,0.0432943644,0.07
passive,3,324,1827,46628.946,48501.9018911603,7,6,0,1,0,0.02142857142857,0.08714285714286,100,21,1,0,36,0,0,0.046628946,0.07
passive,3,336,1828,49908.0708,51653.8779916523,7,6,0,1,0,0.01,0.08285714285714,100,21,1,0,36,0,0,0.0499080708,0.07
passive,3,348,1829,53002.7736,54583.2921502552,7,6,0,1,0,0.0,0.08285714285714,100,21,1,0,36,0,0,0.0530027736,0.07
passive,3,360,1830,56643.3756,58041.5813514161,7,6,0,1,0,0.00428571428571,0.08285714285714,100,21,1,0,36,0,0,0.0566433756,0.07
passive,3,372,1831,60079.2444,61255.2831157755,7,6,0,1,0,0.04285714285714,0.08285714285714,100,21,1,0,36,0,0,0.0600792444,0.07
passive,3,384,1832,63371.826,64290.1279941271,7,6,0,1,0,0.03714285714286,0.08285714285714,100,21,1,0,36,0,0,0.063371826,0.07
passive,3,396,1833,65698.4076,66318.072074187,7,6,0,1,0,0.00357142857143,0.08285714285714,100,21,1,0,36,0,0,0.0656984076,0.07
passive,3,408,1834,67467.4644,67764.2159156792,7,6,0,1,0,0.0,0.08285714285714,100,21,1,0,36,0,0,0.0674674644,0.07
passive,3,420,1835,68887.5012,68845.4813030433,7,6,0,1,0,0.00428571428571,0.08285714285714,100,21,1,0,36,0,0,0.0688875012,0.07
passive,3,432,1836,70987.5684,70590.5050080993,7,6,0,1,0,0.0,0.08285714285714,100,21,1,0,36,0,0,0.0709875684,0.07
passive,3,444,1837,71871.9204,71113.5268450937,7,6,0,1,0,0.0,0.08285714285714,100,21,1,0,36,0,0,0.0718719204,0.07
passive,3,456,1838,72521.1396,71398.0858051903,7,6,0,1,0,0.0,0.08285714285714,100,21,1,0,36,0,0,0.0725211396,0.07
passive,3,468,1839,75507.7344,73967.7431103146,7,6,0,1,0,0.02928571428571,0.08285714285714,100,21,1,0,36,0,0,0.0755077344,0.07
passive,3,480,1840,78830.6316,76837.7986852815,7,6,0,1,0,0.0,0.08285714285714,100,21,1,0,36,0,0,0.0788306316,0.07
passive,3,492,1841,82501.3476,80014.7274912252,7,6,0,1,0,0.0,0.07857142857143,100,21,1,0,36,0,0,0.0825013476,0.07
passive,3,504,1842,85866.3876,82863.0778009891,7,6,0,1,0,0.0,0.07857142857143,100,21,1,0,36,0,0,0.0858663876,0.07
passive,3,516,1843,88612.1964,85086.4391885166,7,6,0,1,0,0.0,0.07857142857143,100,21,1,0,36,0,0,0.0886121964,0.07
passive,3,528,1844,91386.246,87312.5485867652,7,6,0,1,0,0.0,0.07285714285714,100,21,1,0,36,0,0,0.091386246,0.07
passive,3,540,1845,92446.536,87885.1402375176,7,6,0,1,0,0.0,0.07285714285714,100,21,1,0,36,0,0,0.092446536,0.07
passive,3,552,1846,94583.16,89467.9748222824,7,6,0,2,0,0.00428571428571,0.07285714285714,100,21,1,0,37,0,0,0.09458316,0.07
passive,3,564,1847,98519.3916,92726.6325626693,7,6,0,2,0,0.0,0.07285714285714,100,21,1,0,37,0,0,0.0985193916,0.07
passive,3,576,1848,102742.1052,96218.8600284455,7,6,0,2,0,0.0,0.07285714285714,100,21,1,0,37,0,0,0.1027421052,0.07
passive,3,588,1849,105154.5012,97987.030030856,7,6,0,2,0,0.0,0.07285714285714,100,21,1,0,37,1,0,0.1051545012,0.07
passive,3,600,1850,107916.1692,100059.015870736,7,6,0,2,0,0.04285714285714,0.07285714285714,100,21,1,0,37,1,0,0.1079161692,0.07
passive,3,612,1851,111153.2688,102546.51969241,7,6,0,2,0,0.0,0.07285714285714,100,21,1,0,37,1,0,0.1111532688,0.07
passive,3,624,1852,113104.0176,103825.898535607,7,6,0,2,0,0.0,0.07285714285714,100,21,1,0,37,2,0,0.1131040176,0.07
passive,3,636,1853,116710.7172,106602.498623158,7,6,0,2,0,0.00285714285714,0.07285714285714,100,21,1,0,37,2,0,0.1167107172,0.07
passive,3,648,1854,119869.638,108941.868538048,7,6,0,3,0,0.0,0.07285714285714,100,21,1,0,37,3,0,0.119869638,0.07
passive,3,660,1855,122575.572,110845.61939397,7,6,0,3,0,0.02285714285714,0.07285714285714,100,21,1,0,37,3,0,0.122575572,0.07
passive,3,672,1856,125363.0112,112801.013331613,7,6,0,3,0,0.00285714285714,0.07285714285714,100,21,1,0,37,4,0,0.1253630112,0.07
passive,3,684,1857,130244.73,116609.175720281,7,6,0,3,0,0.00642857142857,0.07285714285714,100,21,1,0,37,4,0,0.13024473,0.07
passive,3,696,1858,134019.0432,119390.029246199,7,6,0,3,0,0.0,0.06714285714286,100,21,1,0,37,4,0,0.1340190432,0.07
passive,3,708,1859,137962.3896,122290.081211788,7,6,0,3,0,0.00857142857143,0.06714285714286,100,21,1,0,37,4,0,0.1379623896,0.07
passive,3,720,1860,141990.0972,125232.647434563,7,6,0,3,0,0.0,0.06714285714286,100,21,1,0,37,4,0,0.1419900972,0.07
passive,3,732,1861,145008.6876,127257.242111018,7,6,0,3,0,0.01714285714286,0.06714285714286,100,21,1,0,37,4,0,0.1450086876,0.07
passive,3,744,1862,148972.992,130084.336225977,7,6,0,3,0,0.0,0.06714285714286,100,21,1,0,37,4,0,0.148972992,0.07
passive,3,756,1863,152124.8232,132174.151558791,7,6,0,3,0,0.0,0.06714285714286,100,21,1,0,37,4,0,0.1521248232,0.07
passive,3,768,1864,154485.6012,133556.00876615,7,6,0,3,0,0.04714285714286,0.06714285714286,100,21,1,0,37,4,0,0.1544856012,0.07
passive,3,780,1865,157309.614,135319.277371644,7,6,0,3,0,0.0,0.06714285714286,100,21,1,0,37,4,0,0.157309614,0.07
passive,3,792,1866,161586.1968,138304.924394706,7,6,0,3,0,0.00571428571429,0.06714285714286,100,21,1,0,37,4,0,0.1615861968,0.07
passive,3,804,1867,165503.0496,140951.066023569,7,6,0,3,0,0.04285714285714,0.06714285714286,100,21,1,0,37,4,0,0.1655030496,0.07
passive,3,816,1868,169665.4596,143775.465360706,7,6,0,3,0,0.0,0.06714285714286,100,21,1,0,37,4,0,0.1696654596,0.07
passive,3,828,1869,172570.8264,145508.278545816,7,6,0,3,0,0.0,0.06428571428571,100,21,1,0,37,4,0,0.1725708264,0.07
passive,3,840,1870,175152.9864,146949.072854878,7,6,0,3,0,0.0,0.06428571428571,100,21,1,0,37,4,0,0.1751529864,0.07
passive,3,852,1871,176362.8552,147226.302369991,7,6,0,3,0,0.00571428571429,0.06428571428571,100,21,1,0,37,4,0,0.1763628552,0.07
passive,3,864,1872,178980.7068,148666.625003945,7,6,0,3,0,0.00428571428571,0.06428571428571,100,21,1,0,37,4,0,0.1789807068,0.07
passive,3,876,1873,181607.8488,150096.600956956,7,6,0,3,0,0.01714285714286,0.06428571428571,100,21,1,0,37,4,0,0.1816078488,0.07
passive,3,888,1874,184379.0676,151627.103086472,7,6,0,3,0,0.0,0.06428571428571,100,21,1,0,37,4,0,0.1843790676,0.07
passive,3,900,1875,186482.8308,152592.453566053,7,6,0,3,0,0.06142857142857,0.06428571428571,100,21,1,0,37,4,0,0.1864828308,0.07
passive,3,912,1876,189699.7284,154450.703933511,7,6,0,3,0,0.06142857142857,0.06428571428571,100,21,1,0,37,4,0,0.1896997284,0.07
passive,3,924,1877,193183.6704,156502.967219901,7,6,0,3,0,0.06571428571429,0.06428571428571,100,21,1,0,37,4,0,0.1931836704,0.07
passive,3,936,1878,195178.7628,157330.782759445,7,6,0,3,0,0.02,0.06428571428571,100,21,1,0,37,5,0,0.1951787628,0.07
passive,3,948,1879,197539.4316,158439.667480726,7,6,0,3,0,0.02142857142857,0.06428571428571,100,21,1,0,37,5,0,0.1975394316,0.07
passive,3,960,1880,198584.1732,158483.383828096,7,6,0,3,0,0.0,0.06428571428571,100,21,1,0,37,5,0,0.1985841732,0.07
passive,3,972,1881,201425.1204,159949.068089738,7,6,0,3,0,0.0,0.06428571428571,100,21,1,0,37,5,0,0.2014251204,0.07
passive,3,984,1882,205566.1356,162423.413639061,7,6,0,3,0,0.00857142857143,0.06428571428571,100,21,1,0,37,6,0,0.2055661356,0.07
passive,3,996,1883,209815.5024,164954.290133483,7,6,0,3,0,0.0,0.06428571428571,100,21,1,0,37,6,0,0.2098155024,0.07
passive,3,1008,1884,214004.406,167408.589244219,7,6,0,3,0,0.04714285714286,0.06428571428571,100,21,1,0,37,7,0,0.214004406,0.07
passive,3,1020,1885,218052.3744,169724.610907838,7,6,0,3,0,0.01285714285714,0.06428571428571,100,21,1,0,37,7,0,0.2180523744,0.07
passive,3,1032,1886,220142.6136,170497.140542488,7,6,0,3,0,0.0,0.06428571428571,100,21,1,0,37,7,0,0.2201426136,0.07
passive,3,1044,1887,221176.2168,170443.477561573,7,6,0,3,0,0.06857142857143,0.06428571428571,100,21,1,0,37,7,0,0.2211762168,0.07
passive,3,1056,1888,221327.8032,169709.797245412,7,6,0,3,0,0.09857142857143,0.06428571428571,100,21,1,0,37,7,0,0.2213278032,0.07
passive,3,1068,1889,223179.8856,170276.60072416,7,6,0,3,0,0.04428571428571,0.06428571428571,100,21,1,0,37,7,0,0.2231798856,0.07
passive,3,1080,1890,226763.8548,172148.297463694,7,6,0,3,0,0.00571428571429,0.06428571428571,100,21,1,0,37,7,0,0.2267638548,0.07
passive,3,1092,1891,230441.1984,174067.62581639,7,6,0,3,0,0.02142857142857,0.06428571428571,100,21,1,0,37,7,0,0.2304411984,0.07
passive,3,1104,1892,233757.0312,175691.820720995,7,6,0,3,0,0.01714285714286,0.06428571428571,100,21,1,0,37,7,0,0.2337570312,0.07
passive,3,1116,1893,237617.9652,177703.144575749,7,6,0,3,0,0.0,0.06428571428571,100,21,1,0,37,7,0,0.2376179652,0.07
passive,3,1128,1894,240408.3444,178893.416359147,7,6,0,3,0,0.0,0.06428571428571,100,21,1,0,37,7,0,0.2404083444,0.07
passive,3,1140,1895,243187.6188,180059.176871,7,6,0,3,0,0.0,0.06428571428571,100,21,1,0,37,7,0,0.2431876188,0.07
passive,3,1152,1896,246928.3572,181917.193379233,7,6,0,3,0,0.00857142857143,0.06428571428571,100,21,1,0,37,7,0,0.2469283572,0.07
passive,3,1164,1897,249168.4188,182652.136297298,7,6,0,3,0,0.0,0.06428571428571,100,21,1,0,37,7,0,0.2491684188,0.07
passive,3,1176,1898,251014.932,183088.175390554,7,6,0,3,0,0.00142857142857,0.06428571428571,100,21,1,0,37,7,0,0.251014932,0.07
passive,3,1188,1899,254100.3108,184414.436476037,7,6,0,3,0,0.01285714285714,0.06428571428571,100,21,1,0,37,7,0,0.2541003108,0.07
passive,3,1200,1900,255208.044,184294.790200052,7,6,0,3,0,0.0,0.06428571428571,100,21,1,0,37,7,0,0.255208044,0.07
frugal,1,0,1800,84.0,100.0,7,7,0,0,0,0.33571428571429,0.17142857142857,80,7,1,0,18,0,0,0.000084,0.07
frugal,1,12,1801,2403.3492,2846.86301924984,7,6,0,0,0,0.27214285714286,0.17214285714286,80,7,1,0,18,0,0,0.0024033492,0.07
frugal,1,24,1802,4502.2656,5306.51975309017,8,7,1,0,0,0.26625,0.155,80,7,1,0,22,0,0,0.0045022656,0.08
frugal,1,36,1803,6503.1288,7626.58314267464,8,7,1,0,0,0.259375,0.15125,71,7,1,0,22,0,0,0.0065031288,0.08
frugal,1,48,1804,8476.104,9890.83393314721,8,7,1,0,0,0.24125,0.149375,67,7,1,0,22,0,0,0.008476104,0.08
frugal,1,60,1805,10493.07,12183.3910309554,8,7,1,0,0,0.21125,0.1475,67,7,1,0,22,0,0,0.01049307,0.08
frugal,1,72,1806,12659.43,14625.433408016,8,7,1,0,0,0.24875,0.148125,69,7,1,0,22,0,0,0.01265943,0.08
frugal,1,84,1807,15129.996,17392.5149818323,8,7,1,0,0,0.274375,0.14625,66,7,1,0,23,0,0,0.015129996,0.08
frugal,1,96,1808,17836.0896,20401.0348695805,8,7,1,0,0,0.215625,0.146875,66,7,1,0,23,0,0,0.0178360896,0.08
frugal,1,108,1809,20594.8428,23439.0504594633,8,7,1,0,0,0.2075,0.15125,68,7,1,0,23,0,0,0.0205948428,0.08
frugal,1,120,1810,23468.1888,26576.0288104348,8,7,1,0,0,0.155,0.155625,64,7,1,0,24,0,0,0.0234681888,0.08
frugal,1,132,1811,26191.0572,29511.5840684432,8,7,1,0,0,0.136875,0.158125,62,7,1,0,26,0,0,0.0261910572,0.08
frugal,1,144,1812,28968.9792,32478.92632928,8,7,1,0,0,0.11875,0.17125,59,7,1,0,27,0,0,0.0289689792,0.08
frugal,1,156,1813,31786.9944,35460.6684061454,8,7,1,0,0,0.083125,0.178125,54,7,1,0,29,0,0,0.0317869944,0.08
frugal,1,168,1814,34127.9904,37882.370549478,8,7,1,0,0,0.096875,0.176875,54,7,1,0,31,0,0,0.0341279904,0.08
frugal,1,180,1815,35756.9016,39492.56040781,8,7,1,0,0,0.1625,0.169375,51,7,1,0,31,0,0,0.0357569016,0.08
frugal,1,192,1816,37394.3892,41095.1751209033,8,7,1,0,0,0.158125,0.169375,51,7,1,0,32,0,0,0.0373943892,0.08
frugal,1,204,1817,38912.4372,42550.2194492297,8,7,1,0,0,0.238125,0.1725,51,7,1,0,34,0,0,0.0389124372,0.08
frugal,1,216,1818,40241.67,43784.2935298314,8,7,1,0,0,0.246125,0.18125,42,7,1,0,34,0,0,0.04024167,0.08
frugal,1,228,1819,42424.6536,45929.2798722832,8,7,1,1,0,0.268625,0.175625,39,7,1,0,34,0,0,0.0424246536,0.08
frugal,1,240,1820,45516.4836,49030.8039173398,8,7,1,1,0,0.295375,0.1825,34,7,1,0,35,0,0,0.0455164836,0.08
frugal,1,252,1821,47691.4116,51117.4838010726,8,7,1,1,0,0.38775,0.175,34,7,1,0,35,0,0,0.0476914116,0.08
frugal,1,264,1822,48932.7384,52186.4543940855,8,7,1,1,0,0.492625,0.179375,34,7,1,0,35,0,0,0.0489327384,0.08
frugal,1,276,1823,49723.2876,52765.1389538214,8,7,1,1,0,0.49325,0.175625,32,7,1,0,36,0,0,0.0497232876,0.08
frugal,1,288,1824,51359.2548,54229.4180761856,8,7,1,1,0,0.572125,0.17,33,7,1,0,36,0,0,0.0513592548,0.08
frugal,1,300,1825,54739.6836,57510.5463130258,8,7,1,1,0,0.689625,0.1725,29,7,1,0,36,0,0,0.0547396836,0.08
frugal,1,312,1826,58031.6352,60665.1112468094,8,7,1,1,0,0.8485,0.1775,29,7,1,0,36,0,0,0.0580316352,0.08
frugal,1,324,1827,61227.1044,63686.4279687692,8,7,1,1,0,0.86625,0.18,31,7,1,0,36,0,0,0.0612271044,0.08
frugal,1,336,1828,64340.0436,66590.6878150055,8,7,1,1,0,0.875,0.18875,31,7,1,0,36,0,0,0.0643400436,0.08
frugal,1,348,1829,67731.7536,69751.4836204326,8,7,1,1,0,0.875,0.193125,33,7,1,0,36,0,0,0.0677317536,0.08
frugal,1,360,1830,71124.9336,72880.6074131371,8,7,1,1,0,0.875,0.1925,30,7,1,0,36,0,0,0.0711249336,0.08
frugal,1,372,1831,74466.2352,75923.8962689405,8,7,1,1,0,0.875,0.195,30,7,1,0,36,0,0,0.0744662352,0.08
frugal,1,384,1832,76098.2124,77200.9286164529,8,7,1,1,0,0.871,0.1975,16,7,1,0,36,0,0,0.0760982124,0.08
frugal,1,396,1833,77667.7776,78400.3366425388,8,7,1,1,0,0.875,0.191875,11,7,1,0,36,0,0,0.0776677776,0.08
frugal,1,408,1834,79466.5872,79816.1161234177,8,7,1,1,0,0.875,0.19625,8,7,1,0,36,0,0,0.0794665872,0.08
frugal,1,420,1835,82945.1448,82894.5500422161,8,6,1,1,0,0.86125,0.20125,5,7,1,0,36,0,0,0.0829451448,0.08
frugal,1,432,1836,84850.248,84375.6447978639,8,6,1,1,0,0.84625,0.20125,5,7,1,0,36,0,0,0.084850248,0.08
frugal,1,444,1837,86450.868,85538.6371768584,8,6,1,1,0,0.82375,0.195625,4,7,1,0,36,0,0,0.086450868,0.08
frugal,1,456,1838,87730.062,86371.484630816,8,6,1,1,0,0.81625,0.19375,3,7,1,0,36,0,0,0.087730062,0.08
frugal,1,468,1839,88444.4316,86640.5944783133,8,6,1,1,0,0.80125,0.198125,4,7,1,0,36,0,0,0.0884444316,0.08
frugal,1,480,1840,90690.3564,88397.7104625866,8,6,1,1,0,0.78625,0.194375,4,7,1,0,36,0,0,0.0906903564,0.08
frugal,1,492,1841,93584.274,90763.610527668,8,6,1,1,0,0.77125,0.19875,4,7,1,0,36,0,0,0.093584274,0.08
frugal,1,504,1842,95826.8388,92475.1468047929,8,6,1,1,0,0.75625,0.2075,6,7,1,0,36,0,0,0.0958268388,0.08
frugal,1,516,1843,96751.116,92901.5223908287,8,6,1,1,0,0.75,0.205625,8,7,1,0,36,0,0,0.096751116,0.08
frugal,1,528,1844,97616.8032,93265.3680980034,8,6,1,1,0,0.75,0.20375,7,7,1,0,36,0,0,0.0976168032,0.08
frugal,1,540,1845,100054.92,95118.119684372,8,6,1,1,0,0.75,0.20875,3,7,1,0,36,0,0,0.10005492,0.08
frugal,1,552,1846,101454.444,95967.65049297,8,6,1,1,0,0.75,0.203125,3,7,1,0,37,0,0,0.101454444,0.08
frugal,1,564,1847,102256.5768,96244.0781460325,8,6,1,1,0,0.75,0.201875,3,7,1,0,37,0,0,0.1022565768,0.08
frugal,1,576,1848,104032.7148,97427.5269543571,8,6,1,1,0,0.75,0.201875,5,7,1,0,37,0,0,0.1040327148,0.08
frugal,1,588,1849,105490.9968,98300.5896415829,8,6,1,1,0,0.75,0.20875,5,7,1,0,37,1,0,0.1054909968,0.08
frugal,1,600,1850,107189.544,99385.294750371,8,6,1,1,0,0.74875,0.213125,5,7,1,0,37,1,0,0.107189544,0.08
frugal,1,612,1851,110290.0848,101750.173206069,8,6,1,1,0,0.75,0.209375,4,7,1,0,37,1,0,0.1102900848,0.08
frugal,1,624,1852,112031.4888,102841.351136423,8,6,1,1,0,0.75,0.211875,3,7,1,0,37,2,0,0.1120314888,0.08
frugal,1,636,1853,112923.2076,103143.022093446,8,6,1,1,0,0.75,0.21625,3,7,1,0,37,2,0,0.1129232076,0.08
frugal,1,648,1854,115719.912,105170.447251526,8,6,1,1,0,0.75,0.210625,5,7,1,0,37,3,0,0.115719912,0.08
frugal,1,660,1855,117020.3832,105822.038158824,8,6,1,1,0,0.75,0.20875,5,7,1,0,37,3,0,0.1170203832,0.08
frugal,1,672,1856,117814.7712,106009.144560115,8,6,1,1,0,0.744625,0.20875,3,7,1,0,37,4,0,0.1178147712,0.08
frugal,1,684,1857,120234.5172,107646.950044105,8,6,1,1,0,0.75,0.206875,3,7,1,0,37,4,0,0.1202345172,0.08
frugal,1,696,1858,122548.8348,109171.865590961,8,6,1,1,0,0.75,0.2075,4,7,1,0,37,4,0,0.1225488348,0.08
frugal,1,708,1859,123375.4452,109360.190533032,8,6,1,2,0,0.75,0.20375,6,7,1,0,37,4,0,0.1233754452,0.08
frugal,1,720,1860,124186.0116,109529.772242507,8,6,1,2,0,0.7425,0.20375,8,7,1,0,37,4,0,0.1241860116,0.08
frugal,1,732,1861,126673.9404,111166.969161919,8,6,1,2,0,0.75,0.2,3,7,1,0,37,4,0,0.1266739404,0.08
frugal,1,744,1862,128749.6644,112425.174576552,8,6,1,2,0,0.75,0.20875,3,7,1,0,37,4,0,0.1287496644,0.08
frugal,1,756,1863,130205.3676,113129.360671826,8,6,1,2,0,0.75,0.209375,3,7,1,0,37,4,0,0.1302053676,0.08
frugal,1,768,1864,132349.6692,114419.036095075,8,6,1,2,0,0.74,0.218125,4,7,1,0,37,4,0,0.1323496692,0.08
frugal,1,780,1865,133473.7908,114815.467788955,8,6,1,2,0,0.74,0.2225,8,7,1,0,37,4,0,0.1334737908,0.08
frugal,1,792,1866,135423.6744,115911.887401667,8,6,1,2,0,0.7425,0.2225,10,7,1,0,37,4,0,0.1354236744,0.08
frugal,1,804,1867,137595.4944,117183.530228557,8,6,1,2,0,0.7425,0.2225,7,7,1,0,37,4,0,0.1375954944,0.08
frugal,1,816,1868,139784.5512,118454.215409542,8,6,1,2,0,0.73125,0.21875,7,7,1,0,37,4,0,0.1397845512,0.08
frugal,1,828,1869,141098.9832,118971.848129233,8,6,1,2,0,0.75,0.22375,4,7,1,0,37,4,0,0.1410989832,0.08
frugal,1,840,1870,142958.2896,119938.509444902,8,6,1,2,0,0.75,0.22,4,7,1,0,37,4,0,0.1429582896,0.08
frugal,1,852,1871,144308.6904,120467.741709865,8,6,1,2,0,0.75,0.21625,4,7,1,0,37,4,0,0.1443086904,0.08
frugal,1,864,1872,145081.02,120508.550788279,8,6,1,2,0,0.75,0.225,6,7,1,0,37,4,0,0.14508102,0.08
frugal,1,876,1873,147703.8024,122075.333390865,8,6,1,2,0,0.75,0.22125,4,7,1,0,37,4,0,0.1477038024,0.08
frugal,1,888,1874,150155.0064,123482.393802726,8,6,1,2,0,0.75,0.228125,8,7,1,0,37,4,0,0.1501550064,0.08
frugal,1,900,1875,152247.2196,124578.636476671,8,6,1,2,0,0.73125,0.228125,8,7,1,0,37,4,0,0.1522472196,0.08
frugal,1,912,1876,154377.342,125691.741070961,8,6,1,2,0,0.75,0.22625,6,7,1,0,37,4,0,0.154377342,0.08
frugal,1,924,1877,156490.7148,126777.07778226,8,6,1,2,0,0.75,0.2225,8,7,1,0,37,4,0,0.1564907148,0.08
frugal,1,936,1878,157832.5476,127226.537880408,8,6,1,2,0,0.75,0.21875,4,7,1,0,37,5,0,0.1578325476,0.08
frugal,1,948,1879,158432.2068,127073.090978913,8,6,1,2,0,0.7425,0.2275,5,7,1,0,37,5,0,0.1584322068,0.08
frugal,1,960,1880,159709.3428,127458.682472211,8,6,1,2,0,0.7425,0.225625,5,7,1,0,37,5,0,0.1597093428,0.08
frugal,1,972,1881,162665.7732,129170.774637088,8,6,1,2,0,0.75,0.220625,9,7,1,0,37,5,0,0.1626657732,0.08
frugal,1,984,1882,164731.7196,130159.027185919,8,6,1,2,0,0.75,0.229375,9,7,1,0,37,6,0,0.1647317196,0.08
frugal,1,996,1883,168122.4636,132175.751178576,8,6,1,2,0,0.74,0.2325,9,7,1,0,37,6,0,0.1681224636,0.08
frugal,1,1008,1884,170292.8892,133214.511196999,8,6,1,2,0,0.75,0.230625,3,7,1,0,37,7,0,0.1702928892,0.08
frugal,1,1020,1885,172630.7436,134369.94606852,8,6,1,2,0,0.75,0.239375,5,7,1,0,37,7,0,0.1726307436,0.08
frugal,1,1032,1886,175080.5448,135597.246552454,8,6,1,2,0,0.75,0.24375,5,7,1,0,37,7,0,0.1750805448,0.08
frugal,1,1044,1887,177297.2796,136629.35976772,8,6,1,2,0,0.75,0.248125,3,7,1,0,37,7,0,0.1772972796,0.08
frugal,1,1056,1888,181156.3908,138907.149973369,8,6,1,2,0,0.75,0.243125,4,7,1,0,37,7,0,0.1811563908,0.08
frugal,1,1068,1889,184411.5588,140698.044011846,8,6,1,2,0,0.75,0.243125,3,7,1,0,37,7,0,0.1844115588,0.08
frugal,1,1080,1890,186628.218,141679.237265211,8,6,1,2,0,0.75,0.241875,7,7,1,0,37,7,0,0.186628218,0.08
frugal,1,1092,1891,188959.0836,142733.414368031,8,6,1,2,0,0.75,0.24,6,7,1,0,37,7,0,0.1889590836,0.08
frugal,1,1104,1892,191187.2508,143696.367203407,8,6,1,2,0,0.7485,0.244375,6,7,1,0,37,7,0,0.1911872508,0.08
frugal,1,1116,1893,193130.658,144433.209045019,8,6,1,2,0,0.75,0.25125,4,7,1,0,37,7,0,0.193130658,0.08
frugal,1,1128,1894,195452.6112,145440.814216115,8,6,1,2,0,0.75,0.2475,5,7,1,0,37,7,0,0.1954526112,0.08
frugal,1,1140,1895,196232.5008,145293.01591807,8,6,1,2,0,0.75,0.245625,5,7,1,0,37,7,0,0.1962325008,0.08
frugal,1,1152,1896,199293.6036,146823.691845083,8,6,1,2,0,0.75,0.254375,6,7,1,0,37,7,0,0.1992936036,0.08
frugal,1,1164,1897,202608.7476,148521.713786547,8,6,1,2,0,0.75,0.255,3,7,1,0,37,7,0,0.2026087476,0.08
frugal,1,1176,1898,204737.946,149334.131908734,8,6,1,2,0,0.75,0.255625,3,7,1,0,37,7,0,0.204737946,0.08
frugal,1,1188,1899,206559.9396,149911.79955636,8,6,1,2,0,0.75,0.250625,3,7,1,0,37,7,0,0.2065599396,0.08
frugal,1,1200,1900,208578.468,150621.917702203,8,6,1,2,0,0.75,0.255,6,7,1,0,37,7,0,0.208578468,0.08
frugal,2,0,1800,84.0,100.0,7,7,0,0,0,0.33571428571429,0.17142857142857,80,7,1,0,18,0,0,0.000084,0.07
frugal,2,12,1801,2387.8092,2828.45526921537,7,6,0,0,0,0.27285714285714,0.17,80,7,1,0,18,0,0,0.0023878092,0.07
frugal,2,24,1802,4561.158,5375.93229150347,7,6,0,0,0,0.20571428571429,0.17571428571429,80,7,1,0,22,0,0,0.004561158,0.07
frugal,2,36,1803,6728.6436,7891.05697134979,7,6,0,0,0,0.175,0.17642857142857,77,7,1,0,22,0,0,0.0067286436,0.07
frugal,2,48,1804,7863.0132,9175.41334737569,7,6,0,0,0,0.13785714285714,0.17428571428571,72,7,1,0,22,0,0,0.0078630132,0.07
frugal,2,60,1805,10015.7988,11629.2365597269,7,6,0,0,0,0.13357142857143,0.175,66,7,1,0,22,0,0,0.0100157988,0.07
frugal,2,72,1806,13080.5136,15111.9110891602,7,6,0,0,0,0.14214285714286,0.16642857142857,66,7,1,0,22,0,0,0.0130805136,0.07
frugal,2,84,1807,15455.1768,17766.3228754897,7,6,0,0,0,0.11357142857143,0.17,62,7,1,0,23,0,0,0.0154551768,0.07
frugal,2,96,1808,17412.3096,19916.312559314,7,6,0,0,0,0.13928571428571,0.17785714285714,58,7,1,0,23,0,0,0.0174123096,0.07
frugal,2,108,1809,19339.4376,22010.2701519062,7,6,0,0,0,0.18785714285714,0.17357142857143,53,7,1,0,23,0,0,0.0193394376,0.07
frugal,2,120,1810,21191.814,23998.1987621207,7,6,0,0,0,0.11,0.18142857142857,53,7,1,0,24,0,0,0.021191814,0.07
frugal,2,132,1811,22609.86,25476.3593187728,7,6,0,1,0,0.10214285714286,0.18214285714286,57,7,1,0,26,0,0,0.02260986,0.07
frugal,2,144,1812,25517.9232,28609.7325683131,7,6,0,1,0,0.11857142857143,0.19214285714286,57,7,1,0,27,0,0,0.0255179232,0.07
frugal,2,156,1813,28355.9976,31633.1457943395,7,6,0,1,0,0.22071428571428,0.19,53,7,1,0,29,0,0,0.0283559976,0.07
frugal,2,168,1814,31972.248,35489.4774594114,7,6,0,1,0,0.21628571428571,0.19071428571429,45,7,1,0,31,0,0,0.031972248,0.07
frugal,2,180,1815,34535.34,38143.3776452895,7,6,0,1,0,0.25971428571428,0.19142857142857,41,7,1,0,31,0,0,0.03453534,0.07
frugal,2,192,1816,35679.3276,39210.3801475671,7,6,0,1,0,0.236,0.19142857142857,43,7,1,0,32,0,0,0.0356793276,0.07
frugal,2,204,1817,36914.4972,40365.4993041139,7,6,0,1,0,0.28414285714286,0.19642857142857,40,7,1,0,34,0,0,0.0369144972,0.07
frugal,2,216,1818,37930.5444,41269.7109676587,7,6,0,1,0,0.26271428571428,0.20428571428571,40,7,1,0,34,0,0,0.0379305444,0.07
frugal,2,228,1819,40707.3912,44070.1574354238,7,6,0,1,0,0.28157142857143,0.2,33,7,1,0,34,0,0,0.0407073912,0.07
frugal,2,240,1820,43846.6728,47232.0672962653,7,6,0,1,0,0.35314285714286,0.2,30,7,1,0,35,0,0,0.0438466728,0.07
frugal,2,252,1821,46377.5088,49709.1923950958,7,6,0,1,0,0.39885714285714,0.21,27,7,1,0,35,0,0,0.0463775088,0.07
frugal,2,264,1822,49019.9472,52279.4620248205,7,6,0,1,0,0.40714285714286,0.21285714285714,29,7,1,0,35,0,0,0.0490199472,0.07
frugal,2,276,1823,52348.4976,55550.947719068,7,6,0,1,0,0.51385714285714,0.21285714285714,29,7,1,0,35,0,0,0.0523484976,0.07
frugal,2,288,1824,55129.9644,58210.8502083023,7,6,0,1,0,0.70214285714286,0.21785714285714,27,7,1,0,36,0,0,0.0551299644,0.07
frugal,2,300,1825,57728.3028,60650.4461372476,7,6,0,1,0,0.811,0.22071428571429,20,7,1,0,36,0,0,0.0577283028,0.07
frugal,2,312,1826,60769.2708,63526.980771162,7,6,0,1,0,0.85714285714286,0.22571428571429,20,7,1,0,36,0,0,0.0607692708,0.07
frugal,2,324,1827,63425.8128,65973.4524085683,7,6,0,1,0,0.84571428571429,0.21928571428571,20,7,1,0,36,0,0,0.0634258128,0.07
frugal,2,336,1828,65831.0772,68133.8784537399,7,6,0,1,0,0.85714285714286,0.22,17,7,1,0,36,0,0,0.0658310772,0.07
frugal,2,348,1829,68195.7108,70229.2758126664,7,6,0,1,0,0.85714285714286,0.235,11,7,1,0,36,0,0,0.0681957108,0.07
frugal,2,360,1830,70656.5244,72400.6358295306,7,6,0,2,0,0.85714285714286,0.235,6,7,1,0,36,0,0,0.0706565244,0.07
frugal,2,372,1831,74792.5836,76256.6328710071,7,5,0,2,0,0.84142857142857,0.23071428571429,4,7,1,0,36,0,0,0.0747925836,0.07
frugal,2,384,1832,77331.4416,78452.0281683909,7,5,0,2,0,0.82428571428571,0.22642857142857,3,7,1,0,36,0,0,0.0773314416,0.07
frugal,2,396,1833,79682.5596,80434.121977235,7,5,0,2,0,0.80714285714286,0.22428571428571,3,7,1,0,36,0,0,0.0796825596,0.07
frugal,2,408,1834,81084.1416,81440.7852375123,7,5,0,2,0,0.79,0.22928571428571,5,7,1,0,36,0,0,0.0810841416,0.07
frugal,2,420,1835,83706.7476,83655.688280857,7,5,0,2,0,0.77285714285714,0.22571428571429,5,7,1,0,36,0,0,0.0837067476,0.07
frugal,2,432,1836,84906.0576,84431.1422312469,7,5,0,2,0,0.74857142857143,0.22428571428571,7,7,1,0,36,0,0,0.0849060576,0.07
frugal,2,444,1837,86210.4096,85300.716097411,7,5,0,2,0,0.72714285714286,0.22428571428571,4,7,1,0,36,0,0,0.0862104096,0.07
frugal,2,456,1838,88581.1836,87209.4258623331,7,5,0,2,0,0.72142857142857,0.23,4,7,1,0,36,0,0,0.0885811836,0.07
frugal,2,468,1839,90968.2116,89112.9016159905,7,5,0,2,0,0.71428571428571,0.23,5,7,1,0,36,0,0,0.0909682116,0.07
frugal,2,480,1840,94265.2536,91882.2345086197,7,5,0,2,0,0.70714285714286,0.23071428571429,3,7,1,0,36,0,0,0.0942652536,0.07
frugal,2,492,1841,98445.0096,95477.8418190959,7,5,0,2,0,0.71428571428571,0.23071428571429,6,7,1,0,36,0,0,0.0984450096,0.07
frugal,2,504,1842,102561.5136,98974.265930619,7,5,0,2,0,0.71428571428571,0.24071428571429,3,7,1,0,36,0,0,0.1025615136,0.07
frugal,2,516,1843,106087.4304,101866.35770373,7,5,0,2,0,0.71428571428571,0.23857142857143,3,7,1,0,36,0,0,0.1060874304,0.07
frugal,2,528,1844,108789.0552,103939.597955017,7,5,0,2,0,0.71428571428571,0.24428571428571,5,7,1,0,36,0,0,0.1087890552,0.07
frugal,2,540,1845,112467.7092,106918.450630041,7,5,0,2,0,0.71428571428571,0.245,4,7,1,0,36,0,0,0.1124677092,0.07
frugal,2,552,1846,116602.3992,110296.38379436,7,5,0,2,0,0.71428571428571,0.24071428571429,3,7,1,0,37,0,0,0.1166023992,0.07
frugal,2,564,1847,120776.1072,113674.694218107,7,5,0,2,0,0.71428571428571,0.24071428571429,4,7,1,0,37,0,0,0.1207761072,0.07
frugal,2,576,1848,124817.8092,116892.94558539,7,5,0,2,0,0.71428571428571,0.24857142857143,6,7,1,0,37,0,0,0.1248178092,0.07
frugal,2,588,1849,127254.3972,118580.567619058,7,5,0,2,0,0.71428571428571,0.24214285714286,4,7,1,0,37,1,0,0.1272543972,0.07
frugal,2,600,1850,128765.1372,119390.013583731,7,5,0,2,0,0.71428571428571,0.25,6,7,1,0,37,1,0,0.1287651372,0.07
frugal,2,612,1851,130017.1992,119949.790249576,7,5,0,2,0,0.71428571428571,0.25857142857143,3,7,1,0,37,1,0,0.1300171992,0.07
frugal,2,624,1852,132589.8588,121713.282328348,7,5,0,2,0,0.71428571428571,0.25857142857143,3,7,1,0,37,2,0,0.1325898588,0.07
frugal,2,636,1853,136470.0288,124650.472606764,7,5,0,2,0,0.71428571428571,0.25642857142857,3,7,1,0,37,2,0,0.1364700288,0.07
frugal,2,648,1854,138231.4248,125629.725422118,7,5,0,2,0,0.71428571428571,0.25642857142857,3,7,1,0,37,3,0,0.1382314248,0.07
frugal,2,660,1855,139186.0848,125866.577891047,7,5,0,2,0,0.71428571428571,0.26142857142857,4,7,1,0,37,3,0,0.1391860848,0.07
frugal,2,672,1856,140204.3496,126155.175733205,7,5,0,2,0,0.71428571428571,0.26428571428571,5,7,1,0,37,4,0,0.1402043496,0.07
frugal,2,684,1857,144090.5256,129005.43015689,7,5,0,2,0,0.71428571428571,0.27285714285714,5,7,1,0,37,4,0,0.1440905256,0.07
frugal,2,696,1858,147357.9576,131272.917993225,7,5,0,2,0,0.71428571428571,0.27357142857143,5,7,1,0,37,4,0,0.1473579576,0.07
frugal,2,708,1859,149956.1196,132921.34252862,7,5,0,2,0,0.71428571428571,0.27214285714286,3,7,1,0,37,4,0,0.1499561196,0.07
frugal,2,720,1860,152629.5456,134616.444732051,7,5,0,2,0,0.71428571428571,0.27214285714286,5,7,1,0,37,4,0,0.1526295456,0.07
frugal,2,732,1861,156580.6704,137412.624117828,7,5,0,2,0,0.71428571428571,0.27214285714286,4,7,1,0,37,4,0,0.1565806704,0.07
frugal,2,744,1862,158788.1904,138655.041235314,7,5,0,2,0,0.711,0.27285714285714,3,7,1,0,37,4,0,0.1587881904,0.07
frugal,2,756,1863,159644.6964,138707.818051425,7,5,0,2,0,0.71428571428571,0.26857142857143,4,7,1,0,37,4,0,0.1596446964,0.07
frugal,2,768,1864,161757.3384,139842.576508933,7,5,0,2,0,0.71428571428571,0.26642857142857,5,7,1,0,37,4,0,0.1617573384,0.07
frugal,2,780,1865,163988.5464,141064.560720836,7,5,0,2,0,0.71428571428571,0.27142857142857,7,7,1,0,37,4,0,0.1639885464,0.07
frugal,2,792,1866,164909.6484,141149.534462708,7,5,0,2,0,0.71428571428571,0.27428571428571,7,7,1,0,37,4,0,0.1649096484,0.07
frugal,2,804,1867,167318.8104,142497.463029681,7,5,0,2,0,0.71428571428571,0.28,7,7,1,0,37,4,0,0.1673188104,0.07
frugal,2,816,1868,171365.9304,145216.45388706,7,5,0,2,0,0.71428571428571,0.28357142857143,7,7,1,0,37,4,0,0.1713659304,0.07
frugal,2,828,1869,175124.6364,147661.600196903,7,5,0,2,0,0.70285714285714,0.28357142857143,5,7,1,0,37,4,0,0.1751246364,0.07
frugal,2,840,1870,178886.0724,150081.04072972,7,5,0,2,0,0.71428571428571,0.28142857142857,3,7,1,0,37,4,0,0.1788860724,0.07
frugal,2,852,1871,182836.9452,152630.820973581,7,5,0,2,0,0.71428571428571,0.28285714285714,4,7,1,0,37,4,0,0.1828369452,0.07
frugal,2,864,1872,185238.3372,153864.39636558,7,5,0,2,0,0.71428571428571,0.28285714285714,4,7,1,0,37,4,0,0.1852383372,0.07
frugal,2,876,1873,187519.0632,154982.145248298,7,5,0,2,0,0.71428571428571,0.29357142857143,4,7,1,0,37,4,0,0.1875190632,0.07
frugal,2,888,1874,191572.3572,157542.62092647,7,5,0,2,0,0.71428571428571,0.30357142857143,6,7,1,0,37,4,0,0.1915723572,0.07
frugal,2,900,1875,195666.4752,160107.112291805,7,5,0,2,0,0.71428571428571,0.31357142857143,8,7,1,0,37,4,0,0.1956664752,0.07
frugal,2,912,1876,198366.714,161507.235000752,7,5,0,2,0,0.71428571428571,0.31857142857143,8,7,1,0,37,4,0,0.198366714,0.07
frugal,2,924,1877,199165.1088,161348.681435314,7,5,0,2,0,0.71428571428571,0.31428571428571,5,7,1,0,37,4,0,0.1991651088,0.07
frugal,2,936,1878,199962.7728,161187.104150314,7,5,0,2,0,0.71428571428571,0.31,5,7,1,0,37,5,0,0.1999627728,0.07
frugal,2,948,1879,202397.1348,162335.866196567,7,5,0,2,0,0.71428571428571,0.30857142857143,5,7,1,0,37,5,0,0.2023971348,0.07
frugal,2,960,1880,204815.5788,163456.46012909,7,5,0,2,0,0.70285714285714,0.31142857142857,5,7,1,0,37,5,0,0.2048155788,0.07
frugal,2,972,1881,207087.7368,164445.678116983,7,5,0,2,0,0.71428571428571,0.32642857142857,5,7,1,0,37,5,0,0.2070877368,0.07
frugal,2,984,1882,209373.3768,165431.618810824,7,5,0,2,0,0.708,0.32642857142857,4,7,1,0,37,6,0,0.2093733768,0.07
frugal,2,996,1883,212972.5248,167436.301152549,7,5,0,2,0,0.71428571428571,0.335,4,7,1,0,37,6,0,0.2129725248,0.07
frugal,2,1008,1884,215167.8228,168318.691838981,7,5,0,2,0,0.71428571428571,0.335,4,7,1,0,37,7,0,0.2151678228,0.07
frugal,2,1020,1885,215870.2896,168026.149725441,7,5,0,2,0,0.70285714285714,0.32428571428571,4,7,1,0,37,7,0,0.2158702896,0.07
frugal,2,1032,1886,216731.9196,167855.609378866,7,5,0,2,0,0.71428571428571,0.32714285714286,6,7,1,0,37,7,0,0.2167319196,0.07
frugal,2,1044,1887,218971.0236,168744.10498372,7,5,0,2,0,0.71428571428571,0.32785714285714,8,7,1,0,37,7,0,0.2189710236,0.07
frugal,2,1056,1888,221849.3676,170109.722547587,7,5,0,2,0,0.71428571428571,0.33357142857143,7,7,1,0,37,7,0,0.2218493676,0.07
frugal,2,1068,1889,224950.7736,171627.71168155,7,5,0,2,0,0.71428571428571,0.33142857142857,9,7,1,0,37,7,0,0.2249507736,0.07
frugal,2,1080,1890,228168.3096,173214.492527709,7,5,0,2,0,0.71428571428571,0.33142857142857,9,7,1,0,37,7,0,0.2281683096,0.07
frugal,2,1092,1891,231373.3884,174771.771174236,7,5,0,2,0,0.71428571428571,0.32714285714286,5,7,1,0,37,7,0,0.2313733884,0.07
frugal,2,1104,1892,234045.8484,175908.895773082,7,5,0,2,0,0.71428571428571,0.33214285714286,3,7,1,0,37,7,0,0.2340458484,0.07
frugal,2,1116,1893,236470.6344,176845.110584687,7,5,0,2,0,0.71428571428571,0.33714285714286,4,7,1,0,37,7,0,0.2364706344,0.07
frugal,2,1128,1894,238861.7364,177742.549530548,7,5,0,2,0,0.71428571428571,0.33785714285714,8,7,1,0,37,7,0,0.2388617364,0.07
frugal,2,1140,1895,239608.6224,177409.242844802,7,5,0,2,0,0.70285714285714,0.33142857142857,10,7,1,0,37,7,0,0.2396086224,0.07
frugal,2,1152,1896,241767.9264,178115.397998545,7,5,0,2,0,0.71428571428571,0.33642857142857,12,7,1,0,37,7,0,0.2417679264,0.07
frugal,2,1164,1897,244287.0864,179073.890726968,7,5,0,2,0,0.71428571428571,0.33642857142857,9,7,1,0,37,7,0,0.2442870864,0.07
frugal,2,1176,1898,245861.0532,179328.979640096,7,5,0,2,0,0.71428571428571,0.33428571428571,9,7,1,0,37,7,0,0.2458610532,0.07
frugal,2,1188,1899,247405.8972,179555.935879581,7,5,0,2,0,0.70714285714286,0.33,9,7,1,0,37,7,0,0.2474058972,0.07
frugal,2,1200,1900,250813.416,181121.273281959,7,5,0,2,0,0.70285714285714,0.32785714285714,13,7,1,0,37,7,0,0.250813416,0.07
frugal,3,0,1800,84.0,100.0,7,7,0,0,0,0.33571428571429,0.17142857142857,80,7,1,0,18,0,0,0.000084,0.07
frugal,3,12,1801,2094.75,2481.31495397073,7,6,0,0,0,0.36071428571429,0.17142857142857,78,7,1,0,18,0,0,0.00209475,0.07
frugal,3,24,1802,4051.5636,4775.30740840814,7,6,0,0,0,0.29071428571429,0.17642857142857,76,7,1,0,22,0,0,0.0040515636,0.07
frugal,3,36,1803,6064.0524,7111.65367201949,7,6,0,0,0,0.23928571428571,0.18214285714286,68,7,1,0,22,0,0,0.0060640524,0.07
frugal,3,48,1804,8250.858,9627.99256403404,7,6,0,0,0,0.18714285714286,0.19285714285714,65,7,1,0,22,0,0,0.008250858,0.07
frugal,3,60,1805,10268.4372,11922.5722962307,7,6,0,0,0,0.18642857142857,0.20285714285714,60,7,1,0,22,0,0,0.0102684372,0.07
frugal,3,72,1806,12500.5692,14441.9016019596,7,6,0,0,0,0.20357142857143,0.20571428571429,55,7,1,0,22,0,0,0.0125005692,0.07
frugal,3,84,1807,14098.4004,16206.6559817247,7,6,0,0,0,0.26571428571429,0.20642857142857,52,7,1,0,23,0,0,0.0140984004,0.07
frugal,3,96,1808,15876.21,18159.3118822851,7,6,0,0,0,0.21928571428571,0.205,49,7,1,0,23,0,0,0.01587621,0.07
frugal,3,108,1809,18641.826,21216.3163620037,7,6,0,0,0,0.24242857142857,0.21571428571429,45,7,1,0,23,0,0,0.018641826,0.07
frugal,3,120,1810,20577.8076,23302.8808611419,7,6,0,0,0,0.27314285714286,0.21571428571429,42,7,1,0,24,0,0,0.0205778076,0.07
frugal,3,132,1811,22513.6548,25367.9571330214,7,6,0,0,0,0.24971428571428,0.21571428571429,38,7,1,0,26,0,0,0.0225136548,0.07
frugal,3,144,1812,25372.3596,28446.5321528623,7,6,0,0,0,0.27885714285714,0.21857142857143,38,7,1,0,27,0,0,0.0253723596,0.07
frugal,3,156,1813,27699.6468,30900.9394780069,7,6,0,0,0,0.34628571428571,0.22214285714286,30,7,1,0,29,0,0,0.0276996468,0.07
frugal,3,168,1814,29340.57,32568.291652851,7,6,0,0,0,0.62657142857143,0.22214285714286,21,7,1,0,31,0,0,0.02934057,0.07
frugal,3,180,1815,30103.2396,33248.2389462341,7,6,0,0,0,0.83814285714286,0.21357142857143,21,7,1,0,31,0,0,0.0301032396,0.07
frugal,3,192,1816,31896.4884,35053.1671885113,7,6,0,0,0,0.85714285714286,0.21214285714286,19,7,1,0,32,0,0,0.0318964884,0.07
frugal,3,204,1817,33537.5964,36672.90432838,7,6,0,0,0,0.85714285714286,0.215,16,7,1,0,33,0,0,0.0335375964,0.07
frugal,3,216,1818,35152.6476,38247.2656047605,7,6,0,0,0,0.84857142857143,0.225,4,7,1,0,34,0,0,0.0351526476,0.07
frugal,3,228,1819,36773.7384,39811.5524724928,7,6,0,0,0,0.85714285714286,0.23,4,7,1,0,34,0,0,0.0367737384,0.07
frugal,3,240,1820,37398.2952,40285.8115075039,7,6,0,0,0,0.85057142857143,0.23071428571429,6,7,1,0,35,0,0,0.0373982952,0.07
frugal,3,252,1821,40101.9528,42982.810822177,7,6,0,1,0,0.85714285714286,0.22928571428571,4,7,1,0,35,0,0,0.0401019528,0.07
frugal,3,264,1822,43484.1624,46375.5827315932,7,6,0,1,0,0.85628571428571,0.23,3,7,1,0,35,0,0,0.0434841624,0.07
frugal,3,276,1823,46750.1496,49610.1174886098,7,6,0,1,0,0.85714285714286,0.23071428571429,3,7,1,0,35,0,0,0.0467501496,0.07
frugal,3,288,1824,50244.9192,53052.8088873472,7,6,0,1,0,0.85714285714286,0.23142857142857,4,7,1,0,36,0,0,0.0502449192,0.07
frugal,3,300,1825,53811.996,56535.9001847493,7,6,0,1,0,0.85714285714286,0.23428571428571,4,7,1,0,36,0,0,0.053811996,0.07
frugal,3,312,1826,57318.7776,59919.9041634989,7,6,0,1,0,0.85042857142857,0.23928571428571,7,7,1,0,36,0,0,0.0573187776,0.07
frugal,3,324,1827,60854.6736,63299.0376528301,7,6,0,1,0,0.85714285714286,0.23928571428571,6,7,1,0,36,0,0,0.0608546736,0.07
frugal,3,336,1828,64429.9992,66683.7901031241,7,6,0,1,0,0.85714285714286,0.24928571428571,4,7,1,0,36,0,0,0.0644299992,0.07
frugal,3,348,1829,67776.3576,69797.4176913822,7,6,0,1,0,0.85714285714286,0.245,6,7,1,0,36,0,0,0.0677763576,0.07
frugal,3,360,1830,71013.4488,72766.3706816552,7,6,0,1,0,0.85714285714286,0.25,5,7,1,0,36,0,0,0.0710134488,0.07
frugal,3,372,1831,74461.9344,75919.5112816749,7,6,0,1,0,0.85714285714286,0.255,5,7,1,0,36,0,0,0.0744619344,0.07
frugal,3,384,1832,76255.032,77360.0206419215,7,6,0,1,0,0.85714285714286,0.255,5,7,1,0,36,0,0,0.076255032,0.07
frugal,3,396,1833,78018.4356,78754.3020332827,7,6,0,1,0,0.85714285714286,0.26,4,7,1,0,36,0,0,0.0780184356,0.07
frugal,3,408,1834,79809.5844,80160.6219756233,7,6,0,1,0,0.85714285714286,0.265,4,7,1,0,36,0,0,0.0798095844,0.07
frugal,3,420,1835,81475.6236,81425.9252186025,7,6,0,1,0,0.85714285714286,0.27071428571429,4,7,1,0,36,0,0,0.0814756236,0.07
frugal,3,432,1836,83804.9688,83336.2122850232,7,6,0,1,0,0.85714285714286,0.27571428571429,6,7,1,0,36,0,0,0.0838049688,0.07
frugal,3,444,1837,84899.934,84004.0686551028,7,5,0,1,0,0.84785714285714,0.28071428571429,5,7,1,0,36,0,0,0.084899934,0.07
frugal,3,456,1838,86708.0844,85365.3332551172,7,6,0,1,0,0.85714285714286,0.28071428571429,3,7,1,0,36,0,0,0.0867080844,0.07
frugal,3,468,1839,89020.3188,87204.7363746184,7,6,0,1,0,0.85714285714286,0.29071428571429,3,7,1,0,36,0,0,0.0890203188,0.07
frugal,3,480,1840,93057.2076,90704.7278279482,7,6,0,1,0,0.85714285714286,0.30071428571429,3,7,1,0,36,0,0,0.0930572076,0.07
frugal,3,492,1841,96726.4872,93811.1162985595,7,6,0,1,0,0.85714285714286,0.29857142857143,3,7,1,0,36,0,0,0.0967264872,0.07
frugal,3,504,1842,99330.0756,95855.8524758637,7,6,0,1,0,0.85714285714286,0.29857142857143,6,7,1,0,36,0,0,0.0993300756,0.07
frugal,3,516,1843,101888.514,97834.5104023324,7,6,0,1,0,0.85714285714286,0.29428571428571,4,7,1,0,36,0,0,0.101888514,0.07
frugal,3,528,1844,104653.6932,99988.5767526704,7,6,0,1,0,0.85714285714286,0.28785714285714,4,7,1,0,36,0,0,0.1046536932,0.07
frugal,3,540,1845,108892.098,103519.263323047,7,6,0,1,0,0.85714285714286,0.28642857142857,4,7,1,0,36,0,0,0.108892098,0.07
frugal,3,552,1846,113135.526,107017.003784539,7,6,0,1,0,0.85714285714286,0.28642857142857,4,7,1,0,37,0,0,0.113135526,0.07
frugal,3,564,1847,117423.6756,110519.379430671,7,6,0,1,0,0.85714285714286,0.29642857142857,3,7,1,0,37,0,0,0.1174236756,0.07
frugal,3,576,1848,121635.4356,113912.625497724,7,6,0,1,0,0.85714285714286,0.29714285714286,5,7,1,0,37,0,0,0.1216354356,0.07
frugal,3,588,1849,125105.778,116578.401171852,7,6,0,1,0,0.85714285714286,0.29785714285714,3,7,1,0,37,1,0,0.125105778,0.07
frugal,3,600,1850,128540.5968,119181.821506364,7,6,0,1,0,0.851,0.30071428571429,3,7,1,0,37,1,0,0.1285405968,0.07
frugal,3,612,1851,132017.1384,121794.871431358,7,6,0,1,0,0.85714285714286,0.30428571428571,4,7,1,0,37,1,0,0.1320171384,0.07
frugal,3,624,1852,133983.78,122992.85775059,7,6,0,1,0,0.85714285714286,0.30928571428571,8,7,1,0,37,2,0,0.13398378,0.07
frugal,3,636,1853,136620.9516,124788.324108024,7,6,0,1,0,0.85714285714286,0.30928571428571,4,7,1,0,37,2,0,0.1366209516,0.07
frugal,3,648,1854,138110.6664,125519.975814484,7,6,0,1,0,0.85714285714286,0.30714285714286,5,7,1,0,37,3,0,0.1381106664,0.07
frugal,3,660,1855,139484.3688,126136.317401096,7,6,0,1,0,0.85714285714286,0.30285714285714,5,7,1,0,37,3,0,0.1394843688,0.07
frugal,3,672,1856,141329.5128,127167.591978703,7,6,0,1,0,0.85714285714286,0.30071428571429,3,7,1,0,37,4,0,0.1413295128,0.07
frugal,3,684,1857,142845.612,127890.848793491,7,6,0,1,0,0.84571428571429,0.29928571428571,3,7,1,0,37,4,0,0.142845612,0.07
frugal,3,696,1858,144985.7136,129159.619212869,7,6,0,2,0,0.85714285714286,0.29785714285714,3,7,1,0,37,4,0,0.1449857136,0.07
frugal,3,708,1859,146641.404,129983.173357346,7,6,0,2,0,0.85714285714286,0.29642857142857,3,7,1,0,37,4,0,0.146641404,0.07
frugal,3,720,1860,148019.088,130550.106145639,7,6,0,2,0,0.85714285714286,0.29928571428571,3,7,1,0,37,4,0,0.148019088,0.07
frugal,3,732,1861,149303.5656,131026.356489813,7,6,0,2,0,0.85714285714286,0.29714285714286,3,7,1,0,37,4,0,0.1493035656,0.07
frugal,3,744,1862,152693.0496,133332.718480516,7,6,0,2,0,0.85714285714286,0.3,3,7,1,0,37,4,0,0.1526930496,0.07
frugal,3,756,1863,156409.9152,135897.267796742,7,6,0,2,0,0.85714285714286,0.3,3,7,1,0,37,4,0,0.1564099152,0.07
frugal,3,768,1864,159596.3628,137974.368249165,7,6,0,2,0,0.85714285714286,0.305,5,7,1,0,37,4,0,0.1595963628,0.07
frugal,3,780,1865,161491.4868,138916.565490068,7,6,0,2,0,0.85714285714286,0.30785714285714,7,7,1,0,37,4,0,0.1614914868,0.07
frugal,3,792,1866,165094.1292,141307.435345343,7,6,0,3,0,0.85014285714286,0.31285714285714,9,7,1,0,37,4,0,0.1650941292,0.07
frugal,3,804,1867,168951.0564,143887.56921968,7,6,0,3,0,0.85714285714286,0.31785714285714,6,7,1,0,37,4,0,0.1689510564,0.07
frugal,3,816,1868,172016.7372,145767.951232192,7,6,0,3,0,0.85714285714286,0.31857142857143,6,7,1,0,37,4,0,0.1720167372,0.07
frugal,3,828,1869,174196.6548,146879.144622256,7,6,0,3,0,0.85714285714286,0.31928571428571,4,7,1,0,37,4,0,0.1741966548,0.07
frugal,3,840,1870,176594.7372,148158.66652326,7,6,0,3,0,0.85714285714286,0.32428571428571,4,7,1,0,37,4,0,0.1765947372,0.07
frugal,3,852,1871,180938.7972,151046.26218951,7,6,0,3,0,0.85714285714286,0.32,3,7,1,0,37,4,0,0.1809387972,0.07
frugal,3,864,1872,185090.346,153741.470533921,7,6,0,3,0,0.84571428571429,0.32285714285714,4,7,1,0,37,4,0,0.185090346,0.07
frugal,3,876,1873,187901.5404,155298.257839482,7,6,0,3,0,0.85714285714286,0.32142857142857,5,7,1,0,37,4,0,0.1879015404,0.07
frugal,3,888,1874,189107.898,155515.933114047,7,6,0,3,0,0.85714285714286,0.31928571428571,3,7,1,0,37,4,0,0.189107898,0.07
frugal,3,900,1875,191636.298,156809.357615861,7,6,0,3,0,0.85714285714286,0.325,4,7,1,0,37,4,0,0.191636298,0.07
frugal,3,912,1876,196573.3224,160047.082171938,7,6,0,3,0,0.85714285714286,0.33071428571429,4,7,1,0,37,4,0,0.1965733224,0.07
frugal,3,924,1877,200334.7752,162296.257707565,7,6,0,3,0,0.85714285714286,0.32642857142857,4,7,1,0,37,4,0,0.2003347752,0.07
frugal,3,936,1878,204004.332,164444.94667059,7,6,0,3,0,0.85714285714286,0.33642857142857,5,7,1,0,37,5,0,0.204004332,0.07
frugal,3,948,1879,209333.208,167899.054885169,7,6,0,3,0,0.85714285714286,0.33,3,7,1,0,37,5,0,0.209333208,0.07
frugal,3,960,1880,214915.9824,171517.254273774,7,6,0,3,0,0.85714285714286,0.33,3,7,1,0,37,5,0,0.2149159824,0.07
frugal,3,972,1881,220280.2728,174921.699353807,7,6,0,3,0,0.85714285714286,0.34,3,7,1,0,37,5,0,0.2202802728,0.07
frugal,3,984,1882,225434.328,178121.814657432,7,6,0,3,0,0.85714285714286,0.33571428571429,3,7,1,0,37,6,0,0.225434328,0.07
frugal,3,996,1883,230748.0672,181411.207414431,7,6,0,3,0,0.85714285714286,0.33571428571429,3,7,1,0,37,6,0,0.2307480672,0.07
frugal,3,1008,1884,236055.6408,184658.543009008,7,6,0,3,0,0.84857142857143,0.33,5,7,1,0,37,7,0,0.2360556408,0.07
frugal,3,1020,1885,241096.1112,187661.078112126,7,6,0,3,0,0.85714285714286,0.33071428571429,4,7,1,0,37,7,0,0.2410961112,0.07
frugal,3,1032,1886,246171.4416,190656.076030261,7,6,0,3,0,0.84571428571429,0.33071428571429,6,7,1,0,37,7,0,0.2461714416,0.07
frugal,3,1044,1887,250978.1736,193409.550625952,7,6,0,3,0,0.85714285714286,0.33571428571429,5,7,1,0,37,7,0,0.2509781736,0.07
frugal,3,1056,1888,253704.5448,194535.644576658,7,6,0,3,0,0.85714285714286,0.32714285714286,5,7,1,0,37,7,0,0.2537045448,0.07
frugal,3,1068,1889,256003.1208,195319.309656463,7,6,0,3,0,0.85714285714286,0.33214285714286,4,7,1,0,37,7,0,0.2560031208,0.07
frugal,3,1080,1890,258063.288,195909.333549938,7,6,0,3,0,0.851,0.335,3,7,1,0,37,7,0,0.258063288,0.07
frugal,3,1092,1891,260069.4096,196447.792282191,7,6,0,3,0,0.85714285714286,0.34,3,7,1,0,37,7,0,0.2600694096,0.07
frugal,3,1104,1892,263103.6408,197748.737024834,7,6,0,3,0,0.85714285714286,0.33571428571429,4,7,1,0,37,7,0,0.2631036408,0.07
frugal,3,1116,1893,265141.7076,198286.838956164,7,6,0,3,0,0.85714285714286,0.33857142857143,4,7,1,0,37,7,0,0.2651417076,0.07
frugal,3,1128,1894,267646.554,199161.998895297,7,6,0,3,0,0.85714285714286,0.33928571428571,4,7,1,0,37,7,0,0.267646554,0.07
frugal,3,1140,1895,268638.2076,198903.113469512,7,6,0,3,1,0.85714285714286,0.34214285714286,4,7,1,0,37,7,0,0.2686382076,0.07
frugal,3,1152,1896,271075.4592,199706.859474667,7,6,0,3,1,0.85714285714286,0.345,3,7,1,0,37,7,0,0.2710754592,0.07
frugal,3,1164,1897,275454.4464,201921.027270851,7,6,0,3,0,0.85714285714286,0.345,3,7,1,0,37,7,0,0.2754544464,0.07
frugal,3,1176,1898,279230.6496,203668.481954624,7,6,0,3,0,0.85714285714286,0.34785714285714,3,7,1,0,37,7,0,0.2792306496,0.07
frugal,3,1188,1899,282871.4784,205295.23997843,7,6,0,3,0,0.85714285714286,0.35285714285714,3,7,1,0,37,7,0,0.2828714784,0.07
frugal,3,1200,1900,286311.984,206756.049676242,7,6,0,3,0,0.85714285714286,0.35571428571429,3,7,1,0,37,7,0,0.286311984,0.07
education,1,0,1800,84.0,100.0,7,7,0,0,0,0.33571428571429,0.17142857142857,80,7,1,0,18,0,0,0.000084,0.07
education,1,12,1801,2000.3172,2369.45553457208,7,6,0,0,0,0.23142857142857,0.16714285714286,80,7,1,0,18,0,0,0.0020003172,0.07
education,1,24,1802,1894.3008,2232.68583121673,8,7,1,0,0,0.09625,0.13625,80,7,1,0,22,0,0,0.0018943008,0.08
education,1,36,1803,2526.552,2963.02894881782,8,7,1,0,0,0.036875,0.13625,80,7,1,0,22,0,0,0.002526552,0.08
education,1,48,1804,2970.072,3465.80090587496,8,7,1,1,0,0.11375,0.1275,80,7,1,0,22,0,0,0.002970072,0.08
education,1,60,1805,2890.524,3356.15641336247,8,7,1,1,0,0.056875,0.13625,85,7,1,0,22,0,0,0.002890524,0.08
education,1,72,1806,2912.868,3365.23500349863,8,7,1,3,0,0.01,0.145,87,7,1,0,22,0,0,0.002912868,0.08
education,1,84,1807,6872.8464,7900.6024839552,8,7,1,3,0,0.06875,0.13625,99,7,1,0,23,0,0,0.0068728464,0.08
education,1,96,1808,7124.4684,8149.01312536713,8,7,1,3,0,0.05625,0.145,100,7,1,0,23,0,0,0.0071244684,0.08
education,1,108,1809,7772.8896,8846.34824938975,8,7,1,3,0,0.015,0.145,100,7,1,0,23,0,0,0.0077728896,0.08
education,1,120,1810,12405.0108,14047.7787708336,8,7,1,3,0,0.0,0.145,100,7,1,0,23,0,0,0.0124050108,0.08
education,1,132,1811,12971.9772,14616.5766715109,8,7,1,3,0,0.005,0.15125,96,7,1,0,26,0,0,0.0129719772,0.08
education,1,144,1812,13421.058,15047.1837835071,8,7,1,3,0,0.0,0.14625,100,7,1,0,27,0,0,0.013421058,0.08
education,1,156,1813,13470.8532,15027.7013442033,8,7,1,3,0,0.0,0.14625,100,7,1,0,28,0,0,0.0134708532,0.08
education,1,168,1814,16596.3588,18422.104743492,8,7,1,4,0,0.053125,0.14625,100,7,1,0,31,0,0,0.0165963588,0.08
education,1,180,1815,17907.3636,19778.2136335218,8,7,1,4,0,0.00125,0.14625,100,7,1,0,31,0,0,0.0179073636,0.08
education,1,192,1816,18639.6588,20484.3576527755,8,7,1,4,0,0.074375,0.13875,100,7,1,0,31,0,0,0.0186396588,0.08
education,1,204,1817,19514.124,21338.4284898886,8,7,1,4,0,0.0225,0.13875,100,7,1,0,34,0,0,0.019514124,0.08
education,1,216,1818,21971.8884,23906.15526419,8,7,1,4,0,0.00375,0.13625,100,7,1,0,34,0,0,0.0219718884,0.08
education,1,228,1819,22674.036,24547.0983710808,8,7,1,4,0,0.0,0.1325,100,7,1,0,34,0,0,0.022674036,0.08
education,1,240,1820,23486.9712,25300.3964374657,8,7,1,4,0,0.0,0.14125,100,7,1,0,35,0,0,0.0234869712,0.08
education,1,252,1821,23585.9484,25280.3239581597,8,7,1,4,0,0.0,0.14125,100,7,1,0,35,0,0,0.0235859484,0.08
education,1,264,1822,24285.7356,25900.5826110933,8,7,1,4,0,0.0,0.14125,100,7,1,0,35,0,0,0.0242857356,0.08
education,1,276,1823,28478.268,30220.442788746,8,7,1,4,0,0.04375,0.15,100,7,1,0,35,0,0,0.028478268,0.08
education,1,288,1824,29511.8124,31161.0520646721,8,7,1,4,0,0.07,0.14625,100,7,1,0,36,0,0,0.0295118124,0.08
education,1,300,1825,31211.9892,32791.905841565,8,7,1,5,0,0.0,0.155,100,7,1,0,36,0,0,0.0312119892,0.08
education,1,312,1826,31849.0284,33294.3375510603,8,7,1,5,0,0.004375,0.15,100,7,1,0,36,0,0,0.0318490284,0.08
education,1,324,1827,33162.9564,34495.0207052423,8,7,1,5,0,0.03125,0.145,100,7,1,0,36,0,0,0.0331629564,0.08
education,1,336,1828,35680.722,36928.8500096074,8,7,1,5,0,0.0,0.1525,100,7,1,0,36,0,0,0.035680722,0.08
education,1,348,1829,41454.6048,42690.762220258,8,7,1,5,0,0.00375,0.1525,100,7,1,0,36,0,0,0.0414546048,0.08
education,1,360,1830,45445.0668,46566.849410944,8,7,1,5,0,0.039375,0.16375,100,7,1,0,36,0,0,0.0454450668,0.08
education,1,372,1831,49516.4124,50485.6858758945,8,7,1,5,0,0.0,0.1675,100,7,1,0,36,0,0,0.0495164124,0.08
education,1,384,1832,52570.0644,53331.8413285978,8,7,1,5,0,0.0,0.175,100,7,1,0,36,0,0,0.0525700644,0.08
education,1,396,1833,55138.5072,55658.5711607518,8,7,1,5,0,0.030625,0.1825,100,7,1,0,36,0,0,0.0551385072,0.08
education,1,408,1834,59125.1388,59385.1971067658,8,7,1,5,0,0.0,0.1775,100,7,1,0,36,0,0,0.0591251388,0.08
education,1,420,1835,61792.0464,61754.3545781565,8,7,1,5,1,0.00875,0.18875,97,7,1,0,36,0,0,0.0617920464,0.08
education,1,432,1836,66027.0744,65657.75714193,8,7,1,5,0,0.0,0.185,100,7,1,0,36,0,0,0.0660270744,0.08
education,1,444,1837,69859.5408,69122.381904056,8,7,1,5,1,0.0,0.18875,100,7,1,0,36,0,0,0.0698595408,0.08
education,1,456,1838,74330.8608,73179.781876622,8,7,1,5,0,0.00125,0.18875,100,7,1,0,36,0,0,0.0743308608,0.08
education,1,468,1839,76464.8472,74905.3354547353,8,7,1,5,0,0.0,0.18875,100,7,1,0,36,0,0,0.0764648472,0.08
education,1,480,1840,81064.5108,79015.2055736063,8,7,1,5,3,0.00875,0.18875,98,7,1,0,36,0,0,0.0810645108,0.08
education,1,492,1841,84466.452,81920.6029421349,8,7,1,5,0,0.005,0.18875,100,7,1,0,36,0,0,0.084466452,0.08
education,1,504,1842,87275.9076,84223.2976575195,8,7,1,5,1,0.030625,0.18875,100,7,1,0,36,0,0,0.0872759076,0.08
education,1,516,1843,90412.6524,86815.2575248105,8,7,1,5,0,0.0,0.18875,100,7,1,0,36,0,0,0.0904126524,0.08
education,1,528,1844,92782.0068,88646.0909741557,8,7,1,5,1,0.0,0.18875,100,7,1,0,36,0,0,0.0927820068,0.08
education,1,540,1845,95521.9524,90808.8128086863,8,7,1,5,1,0.0,0.18125,100,7,1,0,36,0,0,0.0955219524,0.08
education,1,552,1846,97930.8624,92634.6289500964,8,7,1,5,1,0.0,0.18625,100,7,1,0,37,0,0,0.0979308624,0.08
education,1,564,1847,99687.8736,93826.4099700451,8,7,1,5,0,0.0875,0.18625,100,7,1,0,37,0,0,0.0996878736,0.08
education,1,576,1848,102919.8408,96385.310937595,8,7,1,5,2,0.0025,0.18625,100,7,1,0,37,0,0,0.1029198408,0.08
education,1,588,1849,107972.172,100612.64462791,8,7,1,5,1,0.021875,0.18625,100,7,1,0,37,1,0,0.107972172,0.08
education,1,600,1850,111124.0368,103033.325258097,8,7,1,5,1,0.009375,0.18625,100,7,1,0,37,1,0,0.1111240368,0.08
education,1,612,1851,114846.3708,105953.659770768,8,7,1,5,2,0.004375,0.185,100,7,1,0,37,1,0,0.1148463708,0.08
education,1,624,1852,119968.0944,110126.903190435,8,7,1,5,3,0.05375,0.18625,100,7,1,0,37,2,0,0.1199680944,0.08
education,1,636,1853,125946.7608,115038.616134673,8,7,1,5,3,0.058125,0.18625,100,7,1,0,37,2,0,0.1259467608,0.08
education,1,648,1854,131301.4752,119331.536231804,8,7,1,5,2,0.0025,0.18625,100,7,1,0,37,3,0,0.1313014752,0.08
education,1,660,1855,136412.1444,123358.091601463,8,7,1,5,2,0.0,0.18625,100,7,1,0,37,3,0,0.1364121444,0.08
education,1,672,1856,143551.7244,129167.126912634,8,7,1,5,3,0.0175,0.18625,100,7,1,0,37,4,0,0.1435517244,0.08
education,1,684,1857,150402.8148,134656.874484196,8,7,1,5,3,0.0,0.185,100,7,1,0,37,4,0,0.1504028148,0.08
education,1,696,1858,158489.1,141189.026815883,8,7,1,5,4,0.04,0.18625,96,7,1,0,37,4,0,0.1584891,0.08
education,1,708,1859,166693.6572,147757.52243478,8,7,1,5,3,0.044375,0.18625,100,7,1,0,37,4,0,0.1666936572,0.08
education,1,720,1860,173241.3984,152795.718819311,8,7,1,5,3,0.070625,0.185,100,7,1,0,37,4,0,0.1732413984,0.08
education,1,732,1861,181016.5224,158857.126413655,8,7,1,5,4,0.0,0.18625,100,7,1,0,37,4,0,0.1810165224,0.08
education,1,744,1862,189584.5644,165546.666463308,8,7,1,5,4,0.00125,0.18625,100,7,1,0,37,4,0,0.1895845644,0.08
education,1,756,1863,198388.2936,172370.319545432,8,7,1,5,4,0.035625,0.1825,100,7,1,0,37,4,0,0.1983882936,0.08
education,1,768,1864,206341.1448,178386.20253061,8,7,1,5,3,0.0,0.18625,100,7,1,0,37,4,0,0.2063411448,0.08
education,1,780,1865,213431.526,183595.898128942,8,7,1,5,3,0.0,0.18625,100,7,1,0,37,4,0,0.213431526,0.08
education,1,792,1866,221318.5632,189431.076148213,8,7,1,5,3,0.039375,0.18625,100,7,1,0,37,4,0,0.2213185632,0.08
education,1,804,1867,227489.0688,193741.606777432,8,7,1,5,3,0.021875,0.18625,100,7,1,0,37,4,0,0.2274890688,0.08
education,1,816,1868,235268.7204,199368.037784915,8,7,1,5,4,0.0,0.18625,100,7,1,0,37,4,0,0.2352687204,0.08
education,1,828,1869,242925.0852,204829.586207787,8,7,1,5,3,0.0,0.18625,100,7,1,0,37,4,0,0.2429250852,0.08
education,1,840,1870,249921.462,209677.995689804,8,7,1,5,3,0.044375,0.18625,100,7,1,0,37,4,0,0.249921462,0.08
education,1,852,1871,256528.3896,214147.849959148,8,7,1,5,3,0.054375,0.18625,100,7,1,0,37,4,0,0.2565283896,0.08
education,1,864,1872,262829.9352,218314.253613114,8,7,1,5,3,0.03125,0.18625,100,7,1,0,37,4,0,0.2628299352,0.08
education,1,876,1873,269591.7,222814.146434663,8,7,1,5,3,0.0,0.185,100,7,1,0,37,4,0,0.2695917,0.08
education,1,888,1874,277442.1384,228159.021885128,8,7,1,5,4,0.003125,0.18625,100,7,1,0,37,4,0,0.2774421384,0.08
education,1,900,1875,284825.3436,233062.732002018,8,7,1,5,3,0.0,0.18625,100,7,1,0,37,4,0,0.2848253436,0.08
education,1,912,1876,291638.0124,237447.342117281,8,7,1,5,3,0.0,0.18625,100,7,1,0,37,4,0,0.2916380124,0.08
education,1,924,1877,300115.746,243131.340558762,8,7,1,5,4,0.0025,0.185,100,7,1,0,37,4,0,0.300115746,0.08
education,1,936,1878,307623.1956,247970.61659984,8,7,1,5,3,0.050625,0.18625,100,7,1,0,37,5,0,0.3076231956,0.08
education,1,948,1879,314139.8904,251960.934453795,8,7,1,5,3,0.015,0.18625,100,7,1,0,37,5,0,0.3141398904,0.08
education,1,960,1880,321411.8292,256508.026159227,8,7,1,5,4,0.021875,0.18625,100,7,1,0,37,5,0,0.3214118292,0.08
education,1,972,1881,329771.526,261867.279321883,8,7,1,5,4,0.01375,0.18625,100,7,1,0,37,5,0,0.329771526,0.08
education,1,984,1882,338408.322,267385.650378041,8,7,1,5,4,0.0,0.18625,100,7,1,0,37,6,0,0.338408322,0.08
education,1,996,1883,346530.114,272437.585930948,8,7,1,5,4,0.144375,0.1825,100,7,1,0,37,6,0,0.346530114,0.08
education,1,1008,1884,354731.3868,277494.6653427,8,7,1,5,4,0.1225,0.1825,100,7,1,0,37,7,0,0.3547313868,0.08
education,1,1020,1885,363167.1456,282677.052479141,8,7,1,5,4,0.048125,0.1825,100,7,1,0,37,7,0,0.3631671456,0.08
education,1,1032,1886,371535.024,287748.283567142,8,7,1,5,4,0.0,0.1825,100,7,1,0,37,7,0,0.371535024,0.08
education,1,1044,1887,379793.4084,292677.532056687,8,7,1,5,4,0.030625,0.1825,99,7,1,0,37,7,0,0.3797934084,0.08
education,1,1056,1888,388075.2456,297568.449578049,8,7,1,5,4,0.035,0.1825,99,7,1,0,37,7,0,0.3880752456,0.08
education,1,1068,1889,396693.654,302660.101963804,8,7,1,5,4,0.00375,0.1825,100,7,1,0,37,7,0,0.396693654,0.08
education,1,1080,1890,405064.296,307505.483981258,8,7,1,5,4,0.0,0.1825,100,7,1,0,37,7,0,0.405064296,0.08
education,1,1092,1891,413701.9572,312496.714933756,8,7,1,5,4,0.0,0.1825,100,7,1,0,37,7,0,0.4137019572,0.08
education,1,1104,1892,422075.9592,317232.356065311,8,7,1,5,4,0.001875,0.1825,100,7,1,0,37,7,0,0.4220759592,0.08
education,1,1116,1893,430584.0756,322013.296317723,8,7,1,5,4,0.0175,0.1825,100,7,1,0,37,7,0,0.4305840756,0.08
education,1,1128,1894,439088.7564,326736.111898807,8,7,1,5,4,0.0,0.1825,100,7,1,0,37,7,0,0.4390887564,0.08
education,1,1140,1895,447427.6716,331281.085176711,8,7,1,5,4,0.00375,0.1825,100,7,1,0,37,7,0,0.4474276716,0.08
education,1,1152,1896,456042.4512,335975.842243564,8,7,1,5,4,0.0175,0.1825,100,7,1,0,37,7,0,0.4560424512,0.08
education,1,1164,1897,464231.1996,340303.240479517,8,7,1,5,4,0.061875,0.18,100,7,1,0,37,7,0,0.4642311996,0.08
education,1,1176,1898,472633.3752,344734.799657445,8,7,1,5,4,0.005,0.18125,100,7,1,0,37,7,0,0.4726333752,0.08
education,1,1188,1899,481132.7472,349184.24210387,8,7,1,5,4,0.0,0.18125,97,7,1,0,37,7,0,0.4811327472,0.08
education,1,1200,1900,489383.5044,353401.204982254,8,7,1,5,4,0.0,0.18125,100,7,1,0,37,7,0,0.4893835044,0.08
education,2,0,1800,84.0,100.0,7,7,0,0,0,0.33571428571429,0.17142857142857,80,7,1,0,18,0,0,0.000084,0.07
education,2,12,1801,1930.5888,2286.85946266066,7,6,0,0,0,0.24428571428571,0.16142857142857,84,7,1,0,18,0,0,0.0019305888,0.07
education,2,24,1802,1954.1256,2303.19732723435,7,6,0,0,0,0.13714285714286,0.16285714285714,94,7,1,0,22,0,0,0.0019541256,0.07
education,2,36,1803,2319.0552,2719.68583726221,7,6,0,0,0,0.06642857142857,0.15857142857143,96,7,1,0,22,0,0,0.0023190552,0.07
education,2,48,1804,2890.6248,3373.09332918011,7,6,0,1,0,0.0,0.17857142857143,100,7,1,0,22,0,0,0.0028906248,0.07
education,2,60,1805,3111.3264,3612.52771173115,7,6,0,1,0,0.0,0.17428571428571,100,7,1,0,22,0,0,0.0031113264,0.07
education,2,72,1806,4174.1112,4822.34866761408,7,6,0,1,0,0.03,0.17428571428571,100,7,1,0,22,0,0,0.0041741112,0.07
education,2,84,1807,5952.0888,6842.15604731134,7,6,0,1,0,0.04285714285714,0.16428571428571,100,7,1,0,23,0,0,0.0059520888,0.07
education,2,96,1808,6453.7284,7381.81636669967,7,6,0,1,0,0.01571428571429,0.15857142857143,100,7,1,0,23,0,0,0.0064537284,0.07
education,2,108,1809,7272.7284,8277.11333371146,7,6,0,2,0,0.0,0.15142857142857,100,7,1,0,23,0,0,0.0072727284,0.07
education,2,120,1810,8949.2004,10134.3230910412,7,5,0,3,0,0.01285714285714,0.15142857142857,100,7,1,0,24,0,0,0.0089492004,0.07
education,2,132,1811,9968.9604,11232.8345768181,7,6,0,3,0,0.0,0.15571428571429,100,7,1,0,26,0,0,0.0099689604,0.07
education,2,144,1812,10223.5392,11462.2463639073,7,6,0,3,0,0.00428571428571,0.15571428571429,100,7,1,0,27,0,0,0.0102235392,0.07
education,2,156,1813,11389.98,12706.3382857181,7,6,0,3,0,0.03857142857143,0.15571428571429,100,7,1,0,29,0,0,0.01138998,0.07
education,2,168,1814,12152.4228,13489.2965623761,7,6,0,4,0,0.03142857142857,0.16,100,7,1,0,31,0,0,0.0121524228,0.07
education,2,180,1815,13317.822,14709.1852565733,7,6,0,5,0,0.0,0.16571428571429,100,7,1,0,31,0,0,0.013317822,0.07
education,2,192,1816,14264.1996,15675.8752599579,7,6,0,5,0,0.0,0.16571428571429,100,7,1,0,32,0,0,0.0142641996,0.07
education,2,204,1817,15214.6176,16636.9768716546,7,6,0,5,0,0.00428571428571,0.16571428571429,100,7,1,0,33,0,0,0.0152146176,0.07
education,2,216,1818,16650.7488,18116.5760007149,7,6,0,5,0,0.02142857142857,0.17,100,7,1,0,34,0,0,0.0166507488,0.07
education,2,228,1819,17348.3016,18781.4143872038,7,6,0,5,0,0.0,0.18,100,7,1,0,34,0,0,0.0173483016,0.07
education,2,240,1820,18348.1872,19764.8477581833,7,6,0,5,0,0.0,0.18,100,7,1,0,35,0,0,0.0183481872,0.07
education,2,252,1821,18389.8848,19710.9837354362,7,6,0,5,0,0.0,0.18,100,7,1,0,35,0,0,0.0183898848,0.07
education,2,264,1822,21531.93,22963.6664471171,7,6,0,5,0,0.0,0.19,100,7,1,0,36,0,0,0.02153193,0.07
education,2,276,1823,22952.6052,24356.7443181332,7,6,0,5,0,0.0,0.19,100,7,1,0,36,0,0,0.0229526052,0.07
education,2,288,1824,24293.7156,25651.3468707173,7,6,0,5,0,0.01428571428571,0.19428571428571,100,7,1,0,36,0,0,0.0242937156,0.07
education,2,300,1825,25823.2296,27130.3731441864,7,6,0,5,0,0.0,0.19857142857143,100,7,1,0,36,0,0,0.0258232296,0.07
education,2,312,1826,27569.1696,28820.2587261604,7,6,0,5,1,0.005,0.19857142857143,100,7,1,0,36,0,0,0.0275691696,0.07
education,2,324,1827,30037.8456,31244.3828413583,7,6,0,5,0,0.0,0.19285714285714,97,7,1,0,36,0,0,0.0300378456,0.07
education,2,336,1828,32391.324,33524.3873598913,7,6,0,5,0,0.01714285714286,0.20571428571429,100,7,1,0,36,0,0,0.032391324,0.07
education,2,348,1829,36602.0592,37693.515922241,7,6,0,5,1,0.00428571428571,0.21,100,7,1,0,36,0,0,0.0366020592,0.07
education,2,360,1830,37530.5868,38457.0054987787,7,6,0,5,0,0.04,0.20428571428571,96,7,1,0,36,0,0,0.0375305868,0.07
education,2,372,1831,41098.1508,41902.6385556346,7,6,0,5,1,0.01571428571429,0.20428571428571,96,7,1,0,36,0,0,0.0410981508,0.07
education,2,384,1832,44045.4924,44683.7423299173,7,6,0,5,0,0.03428571428571,0.20285714285714,96,7,1,0,36,0,0,0.0440454924,0.07
education,2,396,1833,47483.142,47931.0008948353,7,6,0,5,1,0.0,0.20714285714286,100,7,1,0,36,0,0,0.047483142,0.07
education,2,408,1834,49670.3508,49888.822800027,7,6,0,5,0,0.0,0.20571428571429,100,7,1,0,36,0,0,0.0496703508,0.07
education,2,420,1835,51703.4112,51671.8732290606,7,6,0,5,0,0.01857142857143,0.20142857142857,100,7,1,0,36,0,0,0.0517034112,0.07
education,2,432,1836,53580.2904,53280.5932512631,7,6,0,5,0,0.0,0.19714285714286,100,7,1,0,36,0,0,0.0535802904,0.07
education,2,444,1837,55812.1872,55223.2561846308,7,6,0,5,0,0.0,0.19714285714286,100,7,1,0,36,0,0,0.0558121872,0.07
education,2,456,1838,57266.58,56379.7565118488,7,6,0,5,0,0.0,0.19714285714286,100,7,1,0,36,0,0,0.05726658,0.07
education,2,468,1839,60005.1732,58781.3589139755,7,6,0,5,0,0.01857142857143,0.19714285714286,100,7,1,0,36,0,0,0.0600051732,0.07
education,2,480,1840,63831.39,62217.7368755433,7,6,0,5,2,0.0,0.2,100,7,1,0,36,0,0,0.06383139,0.07
education,2,492,1841,68247.3876,66190.3869410495,7,6,0,5,0,0.0,0.2,96,7,1,0,36,0,0,0.0682473876,0.07
education,2,504,1842,71235.4272,68743.8578848553,7,6,0,5,1,0.00285714285714,0.21285714285714,98,7,1,0,36,0,0,0.0712354272,0.07
education,2,516,1843,75164.9136,72174.2052444657,7,6,0,5,2,0.01285714285714,0.21714285714286,97,7,1,0,36,0,0,0.0751649136,0.07
education,2,528,1844,80000.1888,76434.0442603407,7,6,0,5,2,0.0,0.22142857142857,97,7,1,0,36,0,0,0.0800001888,0.07
education,2,540,1845,84213.9312,80058.7396099369,7,6,0,5,1,0.02571428571429,0.22285714285714,99,7,1,0,36,0,0,0.0842139312,0.07
education,2,552,1846,88834.2672,84029.9899179252,7,6,0,5,2,0.00857142857143,0.22285714285714,100,7,1,0,37,0,0,0.0888342672,0.07
education,2,564,1847,93799.3644,88284.1342813441,7,6,0,5,1,0.0,0.22285714285714,100,7,1,0,37,0,0,0.0937993644,0.07
education,2,576,1848,96402.1632,90281.450135014,7,6,0,5,1,0.0,0.22142857142857,100,7,1,0,37,0,0,0.0964021632,0.07
education,2,588,1849,99169.8792,92410.3278550549,7,6,0,5,1,0.03857142857143,0.21714285714286,100,7,1,0,37,1,0,0.0991698792,0.07
education,2,600,1850,101197.0764,93829.1263361454,7,6,0,5,1,0.03142857142857,0.22285714285714,100,7,1,0,37,1,0,0.1011970764,0.07
education,2,612,1851,104151.6168,96087.0151501787,7,6,0,5,1,0.00285714285714,0.22285714285714,100,7,1,0,37,1,0,0.1041516168,0.07
education,2,624,1852,108103.4808,99235.5644569669,7,6,0,5,2,0.0,0.22285714285714,100,7,1,0,37,2,0,0.1081034808,0.07
education,2,636,1853,114209.2896,104317.71759634,7,6,0,5,3,0.0,0.22285714285714,100,7,1,0,37,2,0,0.1142092896,0.07
education,2,648,1854,120126.5184,109175.330749445,7,6,0,5,3,0.01285714285714,0.21857142857143,100,7,1,0,37,3,0,0.1201265184,0.07
education,2,660,1855,126193.2504,114117.101602645,7,6,0,5,3,0.0,0.21857142857143,100,7,1,0,37,3,0,0.1261932504,0.07
education,2,672,1856,131977.1544,118752.386453068,7,6,0,5,3,0.01285714285714,0.21857142857143,97,7,1,0,37,4,0,0.1319771544,0.07
education,2,684,1857,138866.8176,124328.601512204,7,6,0,5,4,0.00142857142857,0.21285714285714,97,7,1,0,37,4,0,0.1388668176,0.07
education,2,696,1858,146639.7492,130633.106516935,7,6,0,5,4,0.0,0.21285714285714,100,7,1,0,37,4,0,0.1466397492,0.07
education,2,708,1859,152995.4496,135615.409466769,7,6,0,5,3,0.0,0.21285714285714,100,7,1,0,37,4,0,0.1529954496,0.07
education,2,720,1860,158645.8104,139922.679345794,7,6,0,5,3,0.0,0.20714285714286,100,7,1,0,37,4,0,0.1586458104,0.07
education,2,732,1861,164435.4432,144305.843693016,7,6,0,5,3,0.02,0.20571428571429,100,7,1,0,37,4,0,0.1644354432,0.07
education,2,744,1862,171710.4564,149938.861024242,7,6,0,5,4,0.02571428571429,0.20571428571429,100,7,1,0,37,4,0,0.1717104564,0.07
education,2,756,1863,179420.0436,155889.693323051,7,6,0,5,4,0.0,0.20571428571429,100,7,1,0,37,4,0,0.1794200436,0.07
education,2,768,1864,185855.88,160676.265915457,7,6,0,5,3,0.0,0.20142857142857,100,7,1,0,37,4,0,0.18585588,0.07
education,2,780,1865,191986.3596,165148.555041808,7,6,0,5,3,0.01,0.20142857142857,100,7,1,0,37,4,0,0.1919863596,0.07
education,2,792,1866,199596.81,170838.984165475,7,6,0,5,3,0.0,0.20142857142857,100,7,1,0,37,4,0,0.19959681,0.07
education,2,804,1867,205370.0208,174903.866913655,7,6,0,5,3,0.0,0.20142857142857,100,7,1,0,37,4,0,0.2053700208,0.07
education,2,816,1868,211397.0796,179139.075018803,7,6,0,5,3,0.03285714285714,0.20142857142857,96,7,1,0,37,4,0,0.2113970796,0.07
education,2,828,1869,217492.1616,183385.05233944,7,6,0,5,3,0.0,0.20142857142857,100,7,1,0,37,4,0,0.2174921616,0.07
education,2,840,1870,223897.674,187844.673875704,7,6,0,5,3,0.0,0.20142857142857,100,7,1,0,37,4,0,0.223897674,0.07
education,2,852,1871,229985.8428,191990.343967226,7,6,0,5,3,0.0,0.20142857142857,100,7,1,0,37,4,0,0.2299858428,0.07
education,2,864,1872,237007.6464,196865.503105816,7,6,0,5,4,0.04285714285714,0.20142857142857,100,7,1,0,37,4,0,0.2370076464,0.07
education,2,876,1873,244180.2888,201811.934956237,7,6,0,5,4,0.02285714285714,0.20142857142857,100,7,1,0,37,4,0,0.2441802888,0.07
education,2,888,1874,250643.9376,206121.088793674,7,6,0,5,3,0.06428571428571,0.20142857142857,100,7,1,0,37,4,0,0.2506439376,0.07
education,2,900,1875,256733.5092,210076.155072238,7,6,0,5,4,0.04857142857143,0.20142857142857,100,7,1,0,37,4,0,0.2567335092,0.07
education,2,912,1876,264398.4756,215269.31545869,7,6,0,5,4,0.04714285714286,0.20142857142857,100,7,1,0,37,4,0,0.2643984756,0.07
education,2,924,1877,271823.034,220210.700478108,7,6,0,5,4,0.00214285714286,0.20142857142857,100,7,1,0,37,4,0,0.271823034,0.07
education,2,936,1878,277761.3216,223899.391105404,7,6,0,5,3,0.02142857142857,0.20142857142857,100,7,1,0,37,5,0,0.2777613216,0.07
education,2,948,1879,283677.9708,227528.46356352,7,6,0,5,3,0.01,0.19714285714286,100,7,1,0,37,5,0,0.2836779708,0.07
education,2,960,1880,289509.3684,231047.739679422,7,6,0,5,3,0.01,0.20142857142857,100,7,1,0,37,5,0,0.2895093684,0.07
education,2,972,1881,295687.7028,234801.758661158,7,6,0,5,4,0.00571428571429,0.20142857142857,100,7,1,0,37,5,0,0.2956877028,0.07
education,2,984,1882,303152.7912,239529.293369241,7,6,0,5,4,0.02857142857143,0.20142857142857,100,7,1,0,37,6,0,0.3031527912,0.07
education,2,996,1883,310776.1272,244328.254425061,7,6,0,5,4,0.0,0.20142857142857,100,7,1,0,37,6,0,0.3107761272,0.07
education,2,1008,1884,318552.9816,249193.49206855,7,6,0,5,4,0.0,0.20142857142857,100,7,1,0,37,7,0,0.3185529816,0.07
education,2,1020,1885,324866.262,252864.93699852,7,6,0,5,3,0.01714285714286,0.20142857142857,100,7,1,0,37,7,0,0.324866262,0.07
education,2,1032,1886,330816.6792,256212.538431321,7,6,0,5,3,0.0,0.20142857142857,100,7,1,0,37,7,0,0.3308166792,0.07
education,2,1044,1887,338016.3024,260483.133707169,7,6,0,5,4,0.04714285714286,0.20142857142857,100,7,1,0,37,7,0,0.3380163024,0.07
education,2,1056,1888,345528.8088,264944.680406501,7,6,0,5,4,0.01428571428571,0.19714285714286,100,7,1,0,37,7,0,0.3455288088,0.07
education,2,1068,1889,352707.096,269100.26052173,7,6,0,5,3,0.0,0.20142857142857,100,7,1,0,37,7,0,0.352707096,0.07
education,2,1080,1890,358546.9356,272191.723759517,7,6,0,5,3,0.00357142857143,0.19714285714286,100,7,1,0,37,7,0,0.3585469356,0.07
education,2,1092,1891,366138.4272,276568.804473164,7,6,0,5,4,0.02571428571429,0.20142857142857,100,7,1,0,37,7,0,0.3661384272,0.07
education,2,1104,1892,373543.7832,280755.565094705,7,6,0,5,4,0.0,0.20142857142857,100,7,1,0,37,7,0,0.3735437832,0.07
education,2,1116,1893,381161.8944,285052.803858155,7,6,0,5,4,0.0,0.20142857142857,100,7,1,0,37,7,0,0.3811618944,0.07
education,2,1128,1894,388745.5908,289274.596546687,7,6,0,5,4,0.00142857142857,0.20142857142857,100,7,1,0,37,7,0,0.3887455908,0.07
education,2,1140,1895,396521.1432,293589.250179952,7,6,0,5,4,0.0,0.19571428571429,100,7,1,0,37,7,0,0.3965211432,0.07
education,2,1152,1896,404245.1616,297815.714927562,7,6,0,5,4,0.0,0.20142857142857,100,7,1,0,37,7,0,0.4042451616,0.07
education,2,1164,1897,410923.6068,301226.274976911,7,6,0,5,3,0.00428571428571,0.20142857142857,100,7,1,0,37,7,0,0.4109236068,0.07
education,2,1176,1898,417724.6332,304684.826113359,7,6,0,5,4,0.0,0.20142857142857,100,7,1,0,37,7,0,0.4177246332,0.07
education,2,1188,1899,425302.7772,308665.391797827,7,6,0,5,4,0.03428571428571,0.20142857142857,100,7,1,0,37,7,0,0.4253027772,0.07
education,2,1200,1900,432626.0148,312414.606463778,7,6,0,5,4,0.0,0.20142857142857,100,7,1,0,37,7,0,0.4326260148,0.07
education,3,0,1800,84.0,100.0,7,7,0,0,0,0.33571428571429,0.17142857142857,80,7,1,0,18,0,0,0.000084,0.07
education,3,12,1801,1705.7292,2020.50429472946,7,6,0,0,0,0.25928571428571,0.17142857142857,90,7,1,0,18,0,0,0.0017057292,0.07
education,3,24,1802,1645.854,1939.85818200118,7,6,0,0,0,0.18785714285714,0.17714285714286,90,7,1,0,22,0,0,0.001645854,0.07
education,3,36,1803,2202.1356,2582.56767801427,7,6,0,0,0,0.10357142857143,0.17714285714286,100,7,1,0,22,0,0,0.0022021356,0.07
education,3,48,1804,3529.7808,4118.92960648094,7,6,0,1,0,0.00428571428571,0.17714285714286,100,7,1,0,22,0,0,0.0035297808,0.07
education,3,60,1805,3715.2024,4313.6816583082,7,6,0,1,0,0.0,0.16714285714286,100,7,1,0,22,0,0,0.0037152024,0.07
education,3,72,1806,3908.9484,4516.00621193613,7,6,0,1,0,0.0,0.16285714285714,100,7,1,0,22,0,0,0.0039089484,0.07
education,3,84,1807,5892.3732,6773.51065787111,7,6,0,3,0,0.03428571428571,0.16285714285714,100,7,1,0,23,0,0,0.0058923732,0.07
education,3,96,1808,6669.9948,7629.18327651372,7,6,0,3,0,0.0,0.16857142857143,100,7,1,0,23,0,0,0.0066699948,0.07
education,3,108,1809,6099.1476,6941.45761365628,7,6,0,3,0,0.0,0.16428571428571,100,7,1,0,23,0,0,0.0060991476,0.07
education,3,120,1810,8300.8212,9400.08047666073,7,6,0,3,0,0.0,0.16428571428571,100,7,1,0,24,0,0,0.0083008212,0.07
education,3,132,1811,9212.1792,10380.1079444156,7,6,0,3,0,0.01428571428571,0.15428571428571,100,7,1,0,26,0,0,0.0092121792,0.07
education,3,144,1812,9989.49,11199.8392327569,7,6,0,3,0,0.0,0.15,100,7,1,0,27,0,0,0.00998949,0.07
education,3,156,1813,10412.3544,11615.7269246465,7,6,0,3,0,0.03428571428571,0.15,100,7,1,0,29,0,0,0.0104123544,0.07
education,3,168,1814,11919.4068,13230.6467458327,7,6,0,3,0,0.02142857142857,0.15,97,7,1,0,31,0,0,0.0119194068,0.07
education,3,180,1815,12067.9104,13328.6906622815,7,6,0,3,0,0.01714285714286,0.14571428571429,100,7,1,0,31,0,0,0.0120679104,0.07
education,3,192,1816,11392.3152,12519.7709654401,7,6,0,3,0,0.0,0.14571428571429,100,7,1,0,32,0,0,0.0113923152,0.07
education,3,204,1817,12390.8568,13549.232943034,7,6,0,4,0,0.03,0.15571428571429,100,7,1,0,34,0,0,0.0123908568,0.07
education,3,216,1818,13016.2116,14162.0770047763,7,6,0,4,0,0.0,0.16,100,7,1,0,34,0,0,0.0130162116,0.07
education,3,228,1819,14042.1624,15202.1608228677,7,6,0,4,0,0.03,0.15428571428571,100,7,1,0,34,0,0,0.0140421624,0.07
education,3,240,1820,14909.916,16061.1081964163,7,6,0,4,0,0.0,0.16428571428571,100,7,1,0,35,0,0,0.014909916,0.07
education,3,252,1821,15505.3416,16619.2197185478,7,6,0,4,0,0.0,0.17428571428571,100,7,1,0,35,0,0,0.0155053416,0.07
education,3,264,1822,17019.3072,18150.9829217269,7,6,0,4,0,0.0,0.16285714285714,100,7,1,0,35,0,0,0.0170193072,0.07
education,3,276,1823,17734.6344,18819.5610865284,7,6,0,4,0,0.01285714285714,0.15857142857143,97,7,1,0,35,0,0,0.0177346344,0.07
education,3,288,1824,20934.732,22104.6496558767,7,6,0,4,0,0.03928571428571,0.16285714285714,94,7,1,0,36,0,0,0.020934732,0.07
education,3,300,1825,24120.768,25341.7348062595,7,6,0,4,0,0.0,0.16714285714286,94,7,1,0,36,0,0,0.024120768,0.07
education,3,312,1826,26772.4716,27987.4065648601,7,6,0,4,0,0.0,0.17571428571429,94,7,1,0,36,0,0,0.0267724716,0.07
education,3,324,1827,29878.5228,31078.6604848069,7,6,0,4,0,0.02142857142857,0.16714285714286,94,7,1,0,36,0,0,0.0298785228,0.07
education,3,336,1828,31259.5752,32353.0494681369,7,6,0,4,0,0.02142857142857,0.15714285714286,100,7,1,0,36,0,0,0.0312595752,0.07
education,3,348,1829,35428.5036,36484.9654291519,7,6,0,4,0,0.0,0.15285714285714,100,7,1,0,36,0,0,0.0354285036,0.07
education,3,360,1830,36420.2076,37319.2172934493,7,6,0,4,1,0.03,0.15285714285714,97,7,1,0,36,0,0,0.0364202076,0.07
education,3,372,1831,40936.812,41738.1415821747,7,6,0,4,1,0.0,0.15285714285714,100,7,1,0,36,0,0,0.040936812,0.07
education,3,384,1832,42774.0684,43393.8945086662,7,6,0,4,1,0.00285714285714,0.15285714285714,100,7,1,0,36,0,0,0.0427740684,0.07
education,3,396,1833,45289.734,45716.904767609,7,6,0,4,2,0.00142857142857,0.16142857142857,100,7,1,0,36,0,0,0.045289734,0.07
education,3,408,1834,49102.9056,49318.8817270212,7,6,0,4,1,0.06,0.16142857142857,100,7,1,0,36,0,0,0.0491029056,0.07
education,3,420,1835,50365.5768,50334.8548793259,7,6,0,4,0,0.01,0.16571428571429,100,7,1,0,36,0,0,0.0503655768,0.07
education,3,432,1836,53202.24,52904.6574465016,7,6,0,4,1,0.0,0.16571428571429,100,7,1,0,36,0,0,0.05320224,0.07
education,3,444,1837,54780.18,54202.1387396943,7,6,0,4,0,0.0,0.16571428571429,100,7,1,0,36,0,0,0.05478018,0.07
education,3,456,1838,56268.996,55397.6209797441,7,6,0,5,0,0.005,0.16571428571429,100,7,1,0,36,0,0,0.056268996,0.07
education,3,468,1839,59918.2752,58696.2332113984,7,6,0,5,0,0.0,0.16571428571429,100,7,1,0,36,0,0,0.0599182752,0.07
education,3,480,1840,61402.152,59849.909844171,7,6,0,5,0,0.0,0.16571428571429,100,7,1,0,36,0,0,0.061402152,0.07
education,3,492,1841,63022.1256,61122.6162056263,7,6,0,5,0,0.00285714285714,0.16571428571429,100,7,1,0,36,0,0,0.0630221256,0.07
education,3,504,1842,64591.0692,62331.8965891687,7,6,0,5,0,0.00214285714286,0.16571428571429,97,7,1,0,36,0,0,0.0645910692,0.07
education,3,516,1843,67749.864,65054.1902521476,7,6,0,5,0,0.06857142857143,0.17,100,7,1,0,36,0,0,0.067749864,0.07
education,3,528,1844,71468.6616,68282.8244020558,7,6,0,5,2,0.00571428571429,0.17714285714286,100,7,1,0,36,0,0,0.0714686616,0.07
education,3,540,1845,75950.1792,72202.7286133966,7,6,0,5,0,0.01714285714286,0.17714285714286,100,7,1,0,36,0,0,0.0759501792,0.07
education,3,552,1846,77482.9776,73292.5934074551,7,6,0,5,1,0.03857142857143,0.17285714285714,100,7,1,0,37,0,0,0.0774829776,0.07
education,3,564,1847,79921.212,75221.9917189094,7,6,0,5,2,0.00285714285714,0.17285714285714,100,7,1,0,37,0,0,0.079921212,0.07
education,3,576,1848,83718.8856,78403.4522127336,7,6,0,5,1,0.0,0.18571428571429,100,7,1,0,37,0,0,0.0837188856,0.07
education,3,588,1849,86187.6036,80312.9414895718,7,6,0,5,1,0.05142857142857,0.19428571428571,100,7,1,0,37,1,0,0.0861876036,0.07
education,3,600,1850,88701.9084,82243.705703743,7,6,0,5,1,0.005,0.20285714285714,100,7,1,0,37,1,0,0.0887019084,0.07
education,3,612,1851,91192.4748,84131.3171788409,7,6,0,5,2,0.02142857142857,0.21428571428571,100,7,1,0,37,1,0,0.0911924748,0.07
education,3,624,1852,95882.4468,88017.0431081355,7,6,0,5,3,0.01285714285714,0.22285714285714,96,7,1,0,37,2,0,0.0958824468,0.07
education,3,636,1853,101644.326,92840.9950895822,7,6,0,5,3,0.0,0.23428571428571,100,7,1,0,37,2,0,0.101644326,0.07
education,3,648,1854,109363.7748,99393.7595530763,7,6,0,5,3,0.01285714285714,0.23428571428571,100,7,1,0,37,3,0,0.1093637748,0.07
education,3,660,1855,115308.606,104274.07064048,7,6,0,5,3,0.03428571428571,0.23428571428571,100,7,1,0,37,3,0,0.115308606,0.07
education,3,672,1856,121343.25,109184.05221708,7,6,0,5,3,0.0,0.23428571428571,100,7,1,0,37,4,0,0.12134325,0.07
education,3,684,1857,127220.52,113901.575686828,7,6,0,5,3,0.06428571428571,0.23428571428571,96,7,1,0,37,4,0,0.12722052,0.07
education,3,696,1858,134559.138,119871.169332175,7,6,0,5,4,0.0,0.23428571428571,100,7,1,0,37,4,0,0.134559138,0.07
education,3,708,1859,140683.0824,124701.707629893,7,6,0,5,3,0.03428571428571,0.23428571428571,100,7,1,0,37,4,0,0.1406830824,0.07
education,3,720,1860,146133.8424,128887.354290347,7,6,0,5,3,0.05571428571429,0.22857142857143,100,7,1,0,37,4,0,0.1461338424,0.07
education,3,732,1861,152537.1624,133864.107921659,7,6,0,5,3,0.00428571428571,0.22857142857143,100,7,1,0,37,4,0,0.1525371624,0.07
education,3,744,1862,158629.6824,138516.630858441,7,6,0,5,3,0.0,0.21857142857143,100,7,1,0,37,4,0,0.1586296824,0.07
education,3,756,1863,165095.1456,143443.458714601,7,6,0,5,4,0.04285714285714,0.21857142857143,100,7,1,0,37,4,0,0.1650951456,0.07
education,3,768,1864,171653.1936,148397.748729344,7,6,0,5,3,0.05142857142857,0.20857142857143,97,7,1,0,37,4,0,0.1716531936,0.07
education,3,780,1865,177355.6092,152563.039629299,7,6,0,5,3,0.04857142857143,0.21285714285714,100,7,1,0,37,4,0,0.1773556092,0.07
education,3,792,1866,185185.5264,158504.07234627,7,6,0,5,4,0.00357142857143,0.20714285714286,100,7,1,0,37,4,0,0.1851855264,0.07
education,3,804,1867,191268.0504,162893.890265389,7,6,0,5,3,0.0,0.21285714285714,100,7,1,0,37,4,0,0.1912680504,0.07
education,3,816,1868,196907.508,166860.530496078,7,6,0,5,3,0.00785714285714,0.21285714285714,100,7,1,0,37,4,0,0.196907508,0.07
education,3,828,1869,204488.9952,172421.041805451,7,6,0,5,4,0.0,0.21285714285714,97,7,1,0,37,4,0,0.2044889952,0.07
education,3,840,1870,211199.3436,177191.085161987,7,6,0,5,3,0.00428571428571,0.21285714285714,100,7,1,0,37,4,0,0.2111993436,0.07
education,3,852,1871,217237.4316,181348.072158121,7,6,0,5,3,0.00428571428571,0.21285714285714,100,7,1,0,37,4,0,0.2172374316,0.07
education,3,864,1872,224108.5644,186151.147235426,7,6,0,5,3,0.01285714285714,0.21285714285714,98,7,1,0,37,4,0,0.2241085644,0.07
education,3,876,1873,230251.1568,190299.682697893,7,6,0,5,3,0.0,0.21285714285714,98,7,1,0,37,4,0,0.2302511568,0.07
education,3,888,1874,237155.6712,195028.795148239,7,6,0,5,3,0.0,0.21285714285714,98,7,1,0,37,4,0,0.2371556712,0.07
education,3,900,1875,242973.2928,198816.645695058,7,6,0,5,3,0.02428571428571,0.21285714285714,100,7,1,0,37,4,0,0.2429732928,0.07
education,3,912,1876,249782.3748,203369.103073762,7,6,0,5,4,0.0,0.21285714285714,100,7,1,0,37,4,0,0.2497823748,0.07
education,3,924,1877,257225.178,208384.608892218,7,6,0,5,4,0.03857142857143,0.21285714285714,100,7,1,0,37,4,0,0.257225178,0.07
education,3,936,1878,264354.2748,213092.164246926,7,6,0,5,3,0.03857142857143,0.20857142857143,100,7,1,0,37,5,0,0.2643542748,0.07
education,3,948,1879,270220.6416,216734.796970694,7,6,0,5,3,0.0,0.20714285714286,100,7,1,0,37,5,0,0.2702206416,0.07
education,3,960,1880,276530.9652,220690.110354401,7,6,0,5,3,0.0,0.20714285714286,100,7,1,0,37,5,0,0.2765309652,0.07
education,3,972,1881,282384.9588,224238.222685054,7,6,0,5,3,0.00357142857143,0.20714285714286,100,7,1,0,37,5,0,0.2823849588,0.07
education,3,984,1882,289822.302,228996.510063163,7,6,0,5,4,0.00214285714286,0.20714285714286,100,7,1,0,37,6,0,0.289822302,0.07
education,3,996,1883,297441.018,233844.360495503,7,6,0,5,4,0.02571428571429,0.20714285714286,100,7,1,0,37,6,0,0.297441018,0.07
education,3,1008,1884,303912.1596,237740.459852027,7,6,0,5,3,0.06,0.20142857142857,99,7,1,0,37,7,0,0.3039121596,0.07
education,3,1020,1885,311172.834,242206.434674528,7,6,0,5,4,0.0,0.20714285714286,100,7,1,0,37,7,0,0.311172834,0.07
education,3,1032,1886,318956.7612,247027.210461415,7,6,0,5,4,0.0,0.20714285714286,100,7,1,0,37,7,0,0.3189567612,0.07
education,3,1044,1887,326586.3972,251674.985983724,7,6,0,5,4,0.03,0.20714285714286,100,7,1,0,37,7,0,0.3265863972,0.07
education,3,1056,1888,333758.9892,255919.814713843,7,6,0,5,4,0.00428571428571,0.20714285714286,100,7,1,0,37,7,0,0.3337589892,0.07
education,3,1068,1889,341376.4872,260455.496028674,7,6,0,5,4,0.01714285714286,0.20714285714286,100,7,1,0,37,7,0,0.3413764872,0.07
education,3,1080,1890,348831.0336,264815.874600931,7,6,0,5,4,0.00571428571429,0.20714285714286,100,7,1,0,37,7,0,0.3488310336,0.07
education,3,1092,1891,356440.9632,269243.662325666,7,6,0,5,4,0.03,0.20714285714286,100,7,1,0,37,7,0,0.3564409632,0.07
education,3,1104,1892,363883.2204,273494.684603503,7,6,0,5,4,0.06,0.20714285714286,100,7,1,0,37,7,0,0.3638832204,0.07
education,3,1116,1893,371251.3308,277641.165959667,7,6,0,5,4,0.02142857142857,0.20714285714286,97,7,1,0,37,7,0,0.3712513308,0.07
education,3,1128,1894,378762.1572,281845.692412116,7,6,0,5,4,0.00285714285714,0.20714285714286,97,7,1,0,37,7,0,0.3787621572,0.07
education,3,1140,1895,386081.7324,285859.778897896,7,6,0,5,4,0.01285714285714,0.20714285714286,97,7,1,0,37,7,0,0.3860817324,0.07
education,3,1152,1896,393500.5704,289899.953865222,7,6,0,5,4,0.0,0.20714285714286,100,7,1,0,37,7,0,0.3935005704,0.07
education,3,1164,1897,401099.1936,294024.51936322,7,6,0,5,4,0.00857142857143,0.20285714285714,100,7,1,0,37,7,0,0.4010991936,0.07
education,3,1176,1898,408503.2392,297958.819064434,7,6,0,5,4,0.0,0.20714285714286,100,7,1,0,37,7,0,0.4085032392,0.07
education,3,1188,1899,416069.0268,301963.956167091,7,6,0,5,4,0.03428571428571,0.20714285714286,96,7,1,0,37,7,0,0.4160690268,0.07
education,3,1200,1900,423310.7844,305687.747837671,7,6,0,5,4,0.01285714285714,0.20714285714286,96,7,1,0,37,7,0,0.4233107844,0.07
enterprise,1,0,1800,84.0,100.0,7,7,0,0,0,0.33571428571429,0.17142857142857,80,7,1,0,18,0,0,0.000084,0.07
enterprise,1,12,1801,1972.0092,2335.92357910388,7,6,0,0,0,0.27214285714286,0.17214285714286,80,7,1,0,18,0,0,0.0019720092,0.07
enterprise,1,24,1802,4010.6472,4727.08198056458,8,7,1,0,0,0.26775,0.155,80,7,4,3,25,0,0,0.0040106472,0.08
enterprise,1,36,1803,5940.3372,6966.56593228217,8,7,1,0,0,0.28975,0.1475,76,7,4,3,25,0,0,0.0059403372,0.08
enterprise,1,48,1804,8025.8136,9365.38644358238,8,7,1,0,0,0.3385,0.141875,78,7,4,3,25,0,0,0.0080258136,0.08
enterprise,1,60,1805,9990.5148,11599.8795785168,8,7,1,0,0,0.344125,0.14625,80,7,4,3,25,0,0,0.0099905148,0.08
enterprise,1,72,1806,12139.7136,14025.0053003323,8,7,1,0,0,0.408625,0.145,82,7,4,3,25,0,0,0.0121397136,0.08
enterprise,1,84,1807,13994.2068,16086.8814127816,8,7,1,0,0,0.416875,0.14375,78,7,4,3,26,0,0,0.0139942068,0.08
enterprise,1,96,1808,15992.4324,18292.2478165734,8,7,1,0,0,0.4465,0.148125,80,7,4,3,26,0,0,0.0159924324,0.08
enterprise,1,108,1809,17722.4712,20169.9959915783,8,7,1,0,0,0.44225,0.15875,80,7,4,3,26,0,0,0.0177224712,0.08
enterprise,1,120,1810,19947.9084,22589.5655120311,8,7,1,0,0,0.40775,0.16125,77,7,4,3,26,0,0,0.0199479084,0.08
enterprise,1,132,1811,22075.116,24873.8199714457,8,7,1,0,0,0.41725,0.1575,79,7,4,3,29,0,0,0.022075116,0.08
enterprise,1,144,1812,24205.104,27137.8492207471,8,7,1,0,0,0.4615,0.1625,79,7,4,3,29,0,0,0.024205104,0.08
enterprise,1,156,1813,26236.1316,29268.2834753195,8,7,1,0,0,0.499875,0.156875,83,7,4,3,29,0,0,0.0262361316,0.08
enterprise,1,168,1814,28348.5804,31467.1744417881,8,7,1,0,0,0.472875,0.1575,85,7,4,3,33,0,0,0.0283485804,0.08
enterprise,1,180,1815,30449.3868,33630.5494539766,8,7,1,0,0,0.462125,0.151875,85,7,4,3,34,0,0,0.0304493868,0.08
enterprise,1,192,1816,33048.9012,36319.6300681235,8,7,1,0,0,0.446375,0.15,87,7,4,3,34,0,0,0.0330489012,0.08
enterprise,1,204,1817,36154.5072,39534.4606027081,8,7,1,0,0,0.454375,0.145,83,7,4,3,34,0,0,0.0361545072,0.08
enterprise,1,216,1818,39144.7728,42590.8323991962,8,7,1,0,0,0.440625,0.145625,83,7,4,3,36,0,0,0.0391447728,0.08
enterprise,1,228,1819,42126.798,45606.8189432463,8,7,1,0,0,0.491,0.145625,71,7,4,3,36,0,0,0.042126798,0.08
enterprise,1,240,1820,44973.9192,48446.3482080036,8,7,1,0,0,0.45775,0.1525,71,7,4,3,36,0,0,0.0449739192,0.08
enterprise,1,252,1821,46780.2804,50140.8984412748,8,7,1,0,0,0.47875,0.14875,71,7,4,3,38,0,0,0.0467802804,0.08
enterprise,1,264,1822,48704.6532,51943.2029784286,8,7,1,0,0,0.50925,0.161875,67,7,4,3,38,0,0,0.0487046532,0.08
enterprise,1,276,1823,50432.1384,53517.3541182814,8,7,1,0,0,0.5485,0.16,64,7,4,3,38,0,0,0.0504321384,0.08
enterprise,1,288,1824,52332.1428,55256.6749999622,8,7,1,0,0,0.524625,0.15875,64,7,4,3,38,0,0,0.0523321428,0.08
enterprise,1,300,1825,54250.1484,56996.2313784131,8,7,1,0,0,0.54575,0.155,60,7,4,3,38,0,0,0.0542501484,0.08
enterprise,1,312,1826,56776.6164,59353.1396841188,8,7,1,1,0,0.55075,0.161875,62,7,4,3,38,0,0,0.0567766164,0.08
enterprise,1,324,1827,59160.738,61537.0613413531,8,7,1,1,0,0.5425,0.164375,62,7,4,3,38,0,0,0.059160738,0.08
enterprise,1,336,1828,60737.0148,62861.6234161546,8,7,1,1,0,0.562875,0.16875,62,7,4,3,38,0,0,0.0607370148,0.08
enterprise,1,348,1829,62606.6196,64473.5204605725,8,7,1,1,0,0.579,0.173125,66,7,4,3,38,0,0,0.0626066196,0.08
enterprise,1,360,1830,64406.496,65996.3294479868,8,7,1,1,0,0.598625,0.1775,67,7,4,3,38,0,0,0.064406496,0.08
enterprise,1,372,1831,66720.3096,68026.3457860697,8,7,1,1,0,0.567375,0.18,63,7,4,3,38,0,0,0.0667203096,0.08
enterprise,1,384,1832,68539.338,69532.5208500816,8,7,1,1,0,0.5735,0.178125,51,7,4,3,38,0,0,0.068539338,0.08
enterprise,1,396,1833,70313.9724,70977.1706772022,8,7,1,1,0,0.565875,0.170625,51,7,4,3,38,0,0,0.0703139724,0.08
enterprise,1,408,1834,73024.8372,73346.0324800368,8,7,1,1,0,0.557125,0.181875,51,7,4,3,38,0,0,0.0730248372,0.08
enterprise,1,420,1835,77117.1996,77070.1597636823,8,7,1,1,0,0.559875,0.1825,96,9,4,3,38,0,0,0.0771171996,0.08
enterprise,1,432,1836,81613.056,81156.5597772227,8,7,1,1,0,0.58425,0.18125,100,9,4,3,38,0,0,0.081613056,0.08
enterprise,1,444,1837,85508.2536,84605.9692577893,8,7,1,1,0,0.61025,0.18125,92,9,4,3,38,0,0,0.0855082536,0.08
enterprise,1,456,1838,87504.312,86149.2305686291,8,7,1,1,0,0.5945,0.185625,88,9,4,3,38,0,0,0.087504312,0.08
enterprise,1,468,1839,89369.0784,87546.3829715538,8,7,1,1,0,0.565625,0.19875,85,9,4,3,38,0,0,0.0893690784,0.08
enterprise,1,480,1840,91031.9928,88730.7103180231,8,7,1,1,0,0.492375,0.2075,85,9,4,3,38,0,0,0.0910319928,0.08
enterprise,1,492,1841,93078.0312,90272.6260666287,8,7,1,1,0,0.529125,0.214375,83,9,4,3,38,0,0,0.0930780312,0.08
enterprise,1,504,1842,96652.9032,93272.318323929,8,7,1,2,0,0.543375,0.210625,83,9,4,3,38,0,0,0.0966529032,0.08
enterprise,1,516,1843,99845.004,95872.3088498368,8,7,1,2,0,0.595625,0.20875,78,9,4,3,38,0,0,0.099845004,0.08
enterprise,1,528,1844,103068.2352,98473.7932407481,8,7,1,2,0,0.594,0.22,78,9,4,3,38,0,0,0.1030682352,0.08
enterprise,1,540,1845,107451.8592,102150.087209044,8,7,1,2,0,0.604125,0.21875,78,9,4,3,38,0,0,0.1074518592,0.08
enterprise,1,552,1846,110091.6936,104137.785956266,8,7,1,2,0,0.589875,0.229375,70,9,4,3,39,0,0,0.1100916936,0.08
enterprise,1,564,1847,112395.6624,105787.004159723,8,7,1,2,0,0.646625,0.23375,69,9,4,3,39,0,0,0.1123956624,0.08
enterprise,1,576,1848,116018.2296,108652.064048133,8,7,1,2,0,0.573125,0.245,69,9,4,3,39,0,0,0.1160182296,0.08
enterprise,1,588,1849,119541.6516,111393.533054649,8,7,1,2,0,0.57525,0.245,69,9,4,3,39,1,0,0.1195416516,0.08
enterprise,1,600,1850,123489.7776,114498.74201754,8,7,1,2,0,0.6305,0.24125,71,9,4,3,39,1,0,0.1234897776,0.08
enterprise,1,612,1851,127219.3188,117368.553542522,8,7,1,2,0,0.578625,0.24,66,9,4,3,39,1,0,0.1272193188,0.08
enterprise,1,624,1852,130962.0564,120219.011387274,8,7,1,2,0,0.621875,0.244375,62,9,4,3,39,2,0,0.1309620564,0.08
enterprise,1,636,1853,135272.3988,123556.568349391,8,7,1,2,0,0.633625,0.244375,66,9,4,3,39,2,0,0.1352723988,0.08
enterprise,1,648,1854,138712.938,126067.342058065,8,7,1,2,0,0.6285,0.24875,63,9,4,3,39,3,0,0.138712938,0.08
enterprise,1,660,1855,142593.2004,128947.647249866,8,7,1,2,0,0.61025,0.246875,63,9,4,3,39,3,0,0.1425932004,0.08
enterprise,1,672,1856,147803.9388,132993.24825921,8,7,1,2,0,0.556375,0.245,63,9,4,3,39,4,0,0.1478039388,0.08
enterprise,1,684,1857,152694.1248,136708.303132554,8,7,1,2,0,0.54325,0.258125,58,9,4,3,39,4,0,0.1526941248,0.08
enterprise,1,696,1858,155649.3288,138659.23434367,8,7,1,2,0,0.51025,0.264375,50,9,4,3,39,4,0,0.1556493288,0.08
enterprise,1,708,1859,158216.0244,140242.935259235,8,7,1,2,0,0.50625,0.265,46,9,4,3,39,4,0,0.1582160244,0.08
enterprise,1,720,1860,161063.6328,142055.154117976,8,7,1,2,0,0.49925,0.26625,100,11,4,3,39,4,0,0.1610636328,0.08
enterprise,1,732,1861,164389.5456,144265.564713238,8,7,1,2,0,0.576875,0.26625,97,11,4,3,39,4,0,0.1643895456,0.08
enterprise,1,744,1862,167235.9108,146031.654177723,8,7,1,2,0,0.53175,0.270625,97,11,4,3,39,4,0,0.1672359108,0.08
enterprise,1,756,1863,168851.2644,146706.974852866,8,7,1,2,0,0.56975,0.27125,97,11,4,3,39,4,0,0.1688512644,0.08
enterprise,1,768,1864,171588.9924,148342.245459373,8,7,1,2,1,0.505125,0.27375,99,11,4,3,39,4,0,0.1715889924,0.08
enterprise,1,780,1865,176287.2552,151644.031009412,8,7,1,2,1,0.563625,0.271875,95,11,4,3,39,4,0,0.1762872552,0.08
enterprise,1,792,1866,181199.256,155092.14213684,8,7,1,2,1,0.5975,0.271875,90,11,4,3,39,4,0,0.181199256,0.08
enterprise,1,804,1867,185014.074,157567.676382342,8,7,1,2,1,0.58325,0.283125,92,11,4,3,39,4,0,0.185014074,0.08
enterprise,1,816,1868,189358.3776,160463.354907791,8,7,1,2,1,0.59625,0.279375,92,11,4,3,39,4,0,0.1893583776,0.08
enterprise,1,828,1869,191749.1856,161679.088472038,8,7,1,2,0,0.633625,0.28375,84,11,4,3,39,4,0,0.1917491856,0.08
enterprise,1,840,1870,193509.2628,162349.539917927,8,7,1,2,0,0.6085,0.2775,86,11,4,3,39,4,0,0.1935092628,0.08
enterprise,1,852,1871,196777.4172,164268.21561388,8,7,1,2,0,0.584,0.28,86,11,4,3,39,4,0,0.1967774172,0.08
enterprise,1,864,1872,198547.2552,164919.174039048,8,7,1,2,0,0.632,0.286875,88,11,4,3,39,4,0,0.1985472552,0.08
enterprise,1,876,1873,200421.5136,165645.858088091,8,7,1,2,0,0.63,0.285,88,11,4,3,39,4,0,0.2004215136,0.08
enterprise,1,888,1874,204996.9516,168582.552874704,8,7,1,2,1,0.5705,0.2875,83,11,4,3,39,4,0,0.2049969516,0.08
enterprise,1,900,1875,210230.034,172023.968982643,8,7,1,2,1,0.567875,0.28375,85,11,4,3,39,4,0,0.210230034,0.08
enterprise,1,912,1876,215504.9568,175460.93797634,8,7,1,2,1,0.53525,0.278125,81,11,4,3,39,4,0,0.2155049568,0.08
enterprise,1,924,1877,220038.3696,178258.636836777,8,7,1,2,0,0.585125,0.278125,76,11,4,3,39,4,0,0.2200383696,0.08
enterprise,1,936,1878,223455.4476,180124.210126258,8,7,1,2,0,0.595,0.27875,78,11,4,3,39,5,0,0.2234554476,0.08
enterprise,1,948,1879,225220.6824,180641.858388531,8,7,1,2,0,0.623625,0.273125,78,11,4,3,39,5,0,0.2252206824,0.08
enterprise,1,960,1880,226843.0584,181035.854538817,8,7,1,2,0,0.6355,0.2775,78,11,4,3,39,5,0,0.2268430584,0.08
enterprise,1,972,1881,230198.0772,182797.298822861,8,7,1,2,0,0.671,0.27625,77,11,4,3,39,5,0,0.2301980772,0.08
enterprise,1,984,1882,233830.1784,184755.605181298,8,7,1,2,0,0.668375,0.280625,71,11,4,3,39,6,0,0.2338301784,0.08
enterprise,1,996,1883,238562.9316,187555.154810338,8,7,1,2,1,0.701375,0.285,68,11,4,3,39,6,0,0.2385629316,0.08
enterprise,1,1008,1884,243779.4912,190700.656455015,8,7,1,2,1,0.670625,0.29375,67,11,4,3,39,7,0,0.2437794912,0.08
enterprise,1,1020,1885,248809.3524,193664.804809028,8,7,1,2,1,0.686125,0.294375,60,11,4,3,39,7,0,0.2488093524,0.08
enterprise,1,1032,1886,253895.166,196637.984316909,8,7,1,2,1,0.66225,0.296875,56,11,4,3,39,7,0,0.253895166,0.08
enterprise,1,1044,1887,258445.3704,199163.944152719,8,7,1,2,1,0.633375,0.295,52,11,4,3,39,7,0,0.2584453704,0.08
enterprise,1,1056,1888,263092.494,201734.138991942,8,7,1,2,1,0.627875,0.298125,48,11,4,3,39,7,0,0.263092494,0.08
enterprise,1,1068,1889,268184.9436,204613.513618579,8,7,1,2,1,0.658125,0.3025,100,13,4,3,39,7,0,0.2681849436,0.08
enterprise,1,1080,1890,273563.64,207676.461116372,8,7,1,2,1,0.65075,0.303125,100,13,4,3,39,7,0,0.27356364,0.08
enterprise,1,1092,1891,278950.4424,210709.897215149,8,7,1,2,1,0.65625,0.30375,96,13,4,3,39,7,0,0.2789504424,0.08
enterprise,1,1104,1892,282966.9444,212677.999075702,8,7,1,2,0,0.618,0.308125,96,13,4,3,39,7,0,0.2829669444,0.08
enterprise,1,1116,1893,284675.8404,212895.485327656,8,7,1,2,0,0.606625,0.3025,96,13,4,3,39,7,0,0.2846758404,0.08
enterprise,1,1128,1894,288074.388,214362.823235226,8,7,1,2,1,0.615875,0.3025,94,13,4,3,39,7,0,0.288074388,0.08
enterprise,1,1140,1895,291231.9144,215631.778641478,8,7,1,2,0,0.638875,0.29875,86,13,4,3,39,7,0,0.2912319144,0.08
enterprise,1,1152,1896,293191.6092,216000.281510012,8,7,1,2,0,0.721625,0.301875,80,13,4,3,39,7,0,0.2931916092,0.08
enterprise,1,1164,1897,296497.782,217346.779140497,8,7,1,2,1,0.722125,0.29875,80,13,4,3,39,7,0,0.296497782,0.08
enterprise,1,1176,1898,301329.6636,219787.316475553,8,7,1,2,1,0.74025,0.3,80,13,4,3,39,7,0,0.3013296636,0.08
enterprise,1,1188,1899,303741.564,220441.797898857,8,7,1,2,0,0.7595,0.303125,80,13,4,3,39,7,0,0.303741564,0.08
enterprise,1,1200,1900,304907.0472,220184.205064638,8,7,1,2,0,0.74025,0.300625,78,13,4,3,39,7,0,0.3049070472,0.08
enterprise,2,0,1800,84.0,100.0,7,7,0,0,0,0.33571428571429,0.17142857142857,80,7,1,0,18,0,0,0.000084,0.07
enterprise,2,12,1801,1956.4692,2317.51582906941,7,6,0,0,0,0.27285714285714,0.17,80,7,1,0,18,0,0,0.0019564692,0.07
enterprise,2,24,1802,4048.5396,4771.74322158332,7,6,0,0,0,0.22171428571429,0.17571428571429,80,7,4,3,25,0,0,0.0040485396,0.07
enterprise,2,36,1803,6154.1676,7217.33681106769,7,6,0,0,0,0.22471428571429,0.18357142857143,77,7,4,3,25,0,0,0.0061541676,0.07
enterprise,2,48,1804,8080.4304,9429.11922679975,7,6,0,0,0,0.23757142857143,0.18142857142857,73,7,4,3,25,0,0,0.0080804304,0.07
enterprise,2,60,1805,10027.2984,11642.5886219451,7,6,0,0,0,0.27042857142857,0.18,65,7,4,3,25,0,0,0.0100272984,0.07
enterprise,2,72,1806,12026.112,13893.7614263313,7,6,0,0,0,0.317,0.185,67,7,4,3,25,0,0,0.012026112,0.07
enterprise,2,84,1807,14284.1076,16420.1335833205,7,6,0,0,0,0.37985714285714,0.20285714285714,65,7,4,3,26,0,0,0.0142841076,0.07
enterprise,2,96,1808,16632.6468,19024.5291961426,7,6,0,0,0,0.37414285714286,0.20071428571429,63,7,4,3,26,0,0,0.0166326468,0.07
enterprise,2,108,1809,18834.2028,21435.2609573191,7,6,0,0,0,0.38885714285714,0.19642857142857,53,7,4,3,26,0,0,0.0188342028,0.07
enterprise,2,120,1810,20606.628,23335.5178825693,7,6,0,0,0,0.42642857142857,0.20642857142857,51,7,4,3,26,0,0,0.020606628,0.07
enterprise,2,132,1811,21943.7652,24725.8163934665,7,6,0,0,0,0.42928571428571,0.20928571428571,53,7,4,3,29,0,0,0.0219437652,0.07
enterprise,2,144,1812,23732.3268,26607.7892644418,7,6,0,0,0,0.45257142857143,0.22642857142857,53,7,4,3,29,0,0,0.0237323268,0.07
enterprise,2,156,1813,25863.8436,28852.9695531077,7,6,0,0,0,0.53685714285714,0.22,55,7,4,3,29,0,0,0.0258638436,0.07
enterprise,2,168,1814,28157.4384,31255.0051348146,7,6,0,0,0,0.54442857142857,0.22071428571429,100,9,4,3,34,0,0,0.0281574384,0.07
enterprise,2,180,1815,30416.8872,33594.6544977919,7,6,0,0,0,0.52428571428571,0.22857142857143,100,9,4,3,34,0,0,0.0304168872,0.07
enterprise,2,192,1816,32615.0496,35842.8417621793,7,6,0,0,0,0.497,0.22857142857143,100,9,4,3,34,0,0,0.0326150496,0.07
enterprise,2,204,1817,34838.4288,38095.346818995,7,6,0,0,0,0.53757142857143,0.24214285714286,95,9,4,3,34,0,0,0.0348384288,0.07
enterprise,2,216,1818,37132.4268,40401.3321138556,7,6,0,0,0,0.54957142857143,0.24285714285714,86,9,4,3,36,0,0,0.0371324268,0.07
enterprise,2,228,1819,39383.9124,42637.3483715395,7,6,0,0,0,0.53585714285714,0.25,76,9,4,3,36,0,0,0.0393839124,0.07
enterprise,2,240,1820,41521.2588,44727.1084584381,7,6,0,0,0,0.55228571428571,0.255,73,9,4,3,37,0,0,0.0415212588,0.07
enterprise,2,252,1821,43825.4628,46973.8116276162,7,6,0,0,0,0.51128571428571,0.265,72,9,4,3,38,0,0,0.0438254628,0.07
enterprise,2,264,1822,46056.5028,49118.9674135071,7,6,0,0,0,0.61828571428571,0.26285714285714,69,9,4,3,38,0,0,0.0460565028,0.07
enterprise,2,276,1823,48012.3504,50949.5341646629,7,6,0,0,0,0.61842857142857,0.27071428571429,71,9,4,3,38,0,0,0.0480123504,0.07
enterprise,2,288,1824,50117.76,52918.5435159767,7,6,0,0,0,0.59114285714286,0.27357142857143,67,9,4,3,38,0,0,0.05011776,0.07
enterprise,2,300,1825,52469.214,55125.1480334655,7,6,0,0,0,0.59957142857143,0.27642857142857,64,9,4,3,38,0,0,0.052469214,0.07
enterprise,2,312,1826,54695.5416,57177.6256938645,7,6,0,0,0,0.54657142857143,0.275,64,9,4,3,38,0,0,0.0546955416,0.07
enterprise,2,324,1827,56853.5604,59137.2107935692,7,6,0,0,0,0.60857142857143,0.28071428571429,63,9,4,3,38,0,0,0.0568535604,0.07
enterprise,2,336,1828,58753.3464,60808.56538632,7,6,0,0,0,0.60857142857143,0.29071428571429,55,9,4,3,38,0,0,0.0587533464,0.07
enterprise,2,348,1829,60710.4036,62520.7601637417,7,6,0,0,0,0.65771428571429,0.29071428571429,52,9,4,3,38,0,0,0.0607104036,0.07
enterprise,2,360,1830,63241.8108,64802.8947335382,7,6,0,0,0,0.679,0.28642857142857,100,11,4,3,38,0,0,0.0632418108,0.07
enterprise,2,372,1831,65265.5808,66543.1409723176,7,6,0,0,0,0.65285714285714,0.28714285714286,97,11,4,3,38,0,0,0.0652655808,0.07
enterprise,2,384,1832,67167.5256,68140.8299308404,7,6,0,0,0,0.62242857142857,0.29,93,11,4,3,38,0,0,0.0671675256,0.07
enterprise,2,396,1833,68905.2756,69555.187111301,7,6,0,0,0,0.61071428571429,0.30214285714286,88,11,4,3,38,0,0,0.0689052756,0.07
enterprise,2,408,1834,70719.768,71030.8245741445,7,6,0,0,0,0.60357142857143,0.30714285714286,85,11,4,3,38,0,0,0.070719768,0.07
enterprise,2,420,1835,72676.3884,72632.0573631855,7,5,0,0,0,0.64042857142857,0.32642857142857,84,11,4,3,38,0,0,0.0726763884,0.07
enterprise,2,432,1836,74716.572,74298.6507191591,7,5,0,1,0,0.62671428571429,0.33142857142857,80,11,4,3,38,0,0,0.074716572,0.07
enterprise,2,444,1837,78498.9744,77670.652074391,7,5,0,1,0,0.62728571428571,0.33642857142857,80,11,4,3,38,0,0,0.0784989744,0.07
enterprise,2,456,1838,82261.578,80987.684927587,7,5,0,1,0,0.67128571428571,0.33642857142857,70,11,4,3,38,0,0,0.082261578,0.07
enterprise,2,468,1839,86014.026,84259.7573560877,7,5,0,1,0,0.68985714285714,0.33714285714286,63,11,4,3,38,0,0,0.086014026,0.07
enterprise,2,480,1840,89619.0456,87353.482325516,7,5,0,1,0,0.66814285714286,0.335,59,11,4,3,38,0,0,0.0896190456,0.07
enterprise,2,492,1841,93331.2072,90518.1712514848,7,5,0,1,0,0.70614285714286,0.345,51,11,4,3,38,0,0,0.0933312072,0.07
enterprise,2,504,1842,96722.9256,93339.8915821176,7,5,0,1,0,0.67571428571429,0.34285714285714,51,11,4,3,38,0,0,0.0967229256,0.07
enterprise,2,516,1843,99591.4752,95628.8676114957,7,5,0,1,0,0.682,0.34428571428571,53,11,4,3,38,0,0,0.0995914752,0.07
enterprise,2,528,1844,102454.5312,97887.4461407929,7,5,0,1,0,0.70914285714286,0.35214285714286,50,11,4,3,38,0,0,0.1024545312,0.07
enterprise,2,540,1845,105592.9896,100382.935917629,7,5,0,1,0,0.70971428571429,0.34785714285714,97,13,4,3,38,0,0,0.1055929896,0.07
enterprise,2,552,1846,108935.0892,103043.732286051,7,5,0,1,0,0.71428571428571,0.35928571428571,90,13,4,3,39,0,0,0.1089350892,0.07
enterprise,2,564,1847,112701.5652,106074.920437675,7,5,0,1,0,0.69128571428571,0.36714285714286,92,13,4,3,39,0,0,0.1127015652,0.07
enterprise,2,576,1848,115822.5096,108468.770594606,7,5,0,1,0,0.70571428571429,0.37,84,13,4,3,39,0,0,0.1158225096,0.07
enterprise,2,588,1849,117191.3652,109203.445312994,7,5,0,1,0,0.67714285714286,0.38,86,13,4,3,39,1,0,0.1171913652,0.07
enterprise,2,600,1850,118980.4308,110317.711441931,7,5,0,1,0,0.65071428571429,0.39214285714286,86,13,4,3,39,1,0,0.1189804308,0.07
enterprise,2,612,1851,120972.6084,111605.534443201,7,5,0,1,0,0.68371428571429,0.39214285714286,83,13,4,3,39,1,0,0.1209726084,0.07
enterprise,2,624,1852,122739.036,112670.539636907,7,5,0,1,0,0.70928571428571,0.395,75,13,4,3,39,2,0,0.122739036,0.07
enterprise,2,636,1853,125311.5696,114458.438318549,7,5,0,1,0,0.68,0.4,75,13,4,3,39,2,0,0.1253115696,0.07
enterprise,2,648,1854,127483.062,115861.224017643,7,5,0,1,0,0.65785714285714,0.40285714285714,72,13,4,3,39,3,0,0.127483062,0.07
enterprise,2,660,1855,129437.2128,117050.630817738,7,5,0,1,0,0.70785714285714,0.39428571428571,74,13,4,3,39,3,0,0.1294372128,0.07
enterprise,2,672,1856,132091.4364,118855.216827691,7,4,0,1,0,0.70714285714286,0.39714285714286,70,13,4,3,39,4,0,0.1320914364,0.07
enterprise,2,684,1857,134498.4648,120417.579398193,7,4,0,1,0,0.68857142857143,0.40214285714286,66,13,4,3,39,4,0,0.1344984648,0.07
enterprise,2,696,1858,136725.4644,121801.02770213,7,4,0,1,0,0.655,0.40785714285714,63,13,4,3,39,4,0,0.1367254644,0.07
enterprise,2,708,1859,138831.714,123060.651740347,7,4,0,1,0,0.63585714285714,0.40857142857143,65,13,4,3,39,4,0,0.138831714,0.07
enterprise,2,720,1860,140631.5232,124034.410218653,7,4,0,1,0,0.62142857142857,0.40857142857143,56,13,4,3,39,4,0,0.1406315232,0.07
enterprise,2,732,1861,141978.774,124598.239709491,7,4,0,1,0,0.60928571428571,0.40928571428571,52,13,4,3,39,4,0,0.141978774,0.07
enterprise,2,744,1862,143651.508,125437.576403383,7,4,0,1,0,0.59714285714286,0.41,51,13,4,3,39,4,0,0.143651508,0.07
enterprise,2,756,1863,145835.3484,126709.520751316,7,4,0,1,0,0.58685714285714,0.40785714285714,43,13,4,3,39,4,0,0.1458353484,0.07
enterprise,2,768,1864,147764.2488,127745.260106845,7,4,0,1,0,0.54971428571429,0.41285714285714,100,15,4,3,39,4,0,0.1477642488,0.07
enterprise,2,780,1865,149412.4884,128526.0922488,7,4,0,1,0,0.54614285714286,0.41571428571429,100,15,4,3,39,4,0,0.1494124884,0.07
enterprise,2,792,1866,150680.586,128970.589488371,7,4,0,1,0,0.556,0.41142857142857,100,15,4,3,39,4,0,0.150680586,0.07
enterprise,2,804,1867,151737.6,129227.688115409,7,4,0,1,0,0.55285714285714,0.40714285714286,97,15,4,3,39,4,0,0.1517376,0.07
enterprise,2,816,1868,153544.608,130114.564984959,7,4,0,1,0,0.55642857142857,0.40928571428571,93,15,4,3,39,4,0,0.153544608,0.07
enterprise,2,828,1869,155327.7768,130969.283070645,7,4,0,1,0,0.55928571428571,0.405,90,15,4,3,39,4,0,0.1553277768,0.07
enterprise,2,840,1870,156744.6972,131504.968324414,7,4,0,1,0,0.56571428571429,0.40142857142857,92,15,4,3,39,4,0,0.1567446972,0.07
enterprise,2,852,1871,158172.9828,132041.542228764,7,4,0,1,0,0.55857142857143,0.41428571428571,92,15,4,3,39,4,0,0.1581729828,0.07
enterprise,2,864,1872,160001.2092,132901.697582939,7,4,0,1,0,0.54571428571429,0.41928571428571,92,15,4,3,39,4,0,0.1600012092,0.07
enterprise,2,876,1873,161303.2596,133315.113576949,7,4,0,1,0,0.56285714285714,0.42428571428571,89,15,4,3,39,4,0,0.1613032596,0.07
enterprise,2,888,1874,162666.9828,133771.819604217,7,4,0,1,0,0.56714285714286,0.41785714285714,89,15,4,3,39,4,0,0.1626669828,0.07
enterprise,2,900,1875,164640.0336,134719.247742251,7,4,0,1,0,0.54857142857143,0.41785714285714,85,15,4,3,39,4,0,0.1646400336,0.07
enterprise,2,912,1876,165795.462,134988.204942953,7,4,0,1,0,0.56428571428571,0.41642857142857,85,15,4,3,39,4,0,0.165795462,0.07
enterprise,2,924,1877,166949.8656,135250.299827431,7,4,0,1,0,0.544,0.41214285714286,87,15,4,3,39,4,0,0.1669498656,0.07
enterprise,2,936,1878,168246.0108,135620.680219406,7,4,0,1,0,0.55428571428571,0.41714285714286,81,15,4,3,39,5,0,0.1682460108,0.07
enterprise,2,948,1879,169415.1144,135882.108064875,7,4,0,2,0,0.56285714285714,0.40857142857143,74,15,4,3,39,5,0,0.1694151144,0.07
enterprise,2,960,1880,172021.962,137284.971864556,7,4,0,2,0,0.53571428571429,0.41285714285714,76,15,4,3,39,5,0,0.172021962,0.07
enterprise,2,972,1881,174895.2996,138882.082476817,7,4,0,2,0,0.54857142857143,0.41285714285714,74,15,4,3,39,5,0,0.1748952996,0.07
enterprise,2,984,1882,176841.9576,139727.656718212,7,4,0,2,0,0.55171428571429,0.41357142857143,74,15,4,3,39,6,0,0.1768419576,0.07
enterprise,2,996,1883,177986.0628,139930.387921744,7,4,0,2,0,0.53671428571429,0.40714285714286,74,15,4,3,39,6,0,0.1779860628,0.07
enterprise,2,1008,1884,179186.1204,140171.392678283,7,4,0,2,0,0.551,0.42,67,15,4,3,39,7,0,0.1791861204,0.07
enterprise,2,1020,1885,180301.842,140340.870231847,7,4,0,2,0,0.561,0.42071428571429,67,15,4,3,39,7,0,0.180301842,0.07
enterprise,2,1032,1886,182270.5668,141165.810363844,7,4,0,2,0,0.56,0.43142857142857,69,15,4,3,39,7,0,0.1822705668,0.07
enterprise,2,1044,1887,185027.262,142586.261919352,7,4,0,2,0,0.54142857142857,0.43,64,15,4,3,39,7,0,0.185027262,0.07
enterprise,2,1056,1888,187938.2736,144107.364037257,7,4,0,2,0,0.53357142857143,0.42785714285714,64,15,4,3,39,7,0,0.1879382736,0.07
enterprise,2,1068,1889,190993.7736,145719.989239424,7,4,0,2,0,0.522,0.42785714285714,61,15,4,3,39,7,0,0.1909937736,0.07
enterprise,2,1080,1890,194144.5632,147385.287863401,7,4,0,2,0,0.51742857142857,0.42571428571429,56,15,4,3,39,7,0,0.1941445632,0.07
enterprise,2,1092,1891,196366.3044,148328.5828861,7,4,0,2,0,0.52714285714286,0.42857142857143,53,15,4,3,39,7,0,0.1963663044,0.07
enterprise,2,1104,1892,197783.3844,148654.022235017,7,4,0,2,0,0.54142857142857,0.42928571428571,100,17,4,3,39,7,0,0.1977833844,0.07
enterprise,2,1116,1893,199702.1208,149347.692691235,7,4,0,2,0,0.53571428571429,0.43857142857143,100,17,4,3,39,7,0,0.1997021208,0.07
enterprise,2,1128,1894,201879.8292,150223.455969148,7,4,0,2,0,0.55657142857143,0.44357142857143,97,17,4,3,39,7,0,0.2018798292,0.07
enterprise,2,1140,1895,203454.8712,150640.549956598,7,4,0,2,0,0.556,0.44357142857143,97,17,4,3,39,7,0,0.2034548712,0.07
enterprise,2,1152,1896,204736.5096,150833.592508477,7,4,0,2,0,0.54571428571429,0.44642857142857,93,17,4,3,39,7,0,0.2047365096,0.07
enterprise,2,1164,1897,206180.5116,151139.984304503,7,4,0,2,0,0.53214285714286,0.44214285714286,93,17,4,3,39,7,0,0.2061805116,0.07
enterprise,2,1176,1898,207673.1748,151475.063052009,7,4,0,2,0,0.52042857142857,0.45,88,17,4,3,39,7,0,0.2076731748,0.07
enterprise,2,1188,1899,209108.6004,151761.501525322,7,4,0,2,0,0.54142857142857,0.44571428571429,85,17,4,3,39,7,0,0.2091086004,0.07
enterprise,2,1200,1900,211117.4184,152455.383936114,7,4,0,2,0,0.51571428571429,0.45785714285714,82,17,4,3,39,7,0,0.2111174184,0.07
enterprise,3,0,1800,84.0,100.0,7,7,0,0,0,0.33571428571429,0.17142857142857,80,7,1,0,18,0,0,0.000084,0.07
enterprise,3,12,1801,1663.41,1970.37551382478,7,6,0,0,0,0.36071428571429,0.17142857142857,78,7,1,0,18,0,0,0.00166341,0.07
enterprise,3,24,1802,3538.9452,4171.11833848799,7,6,0,0,0,0.321,0.17642857142857,76,7,4,3,25,0,0,0.0035389452,0.07
enterprise,3,36,1803,5487.342,6435.31310579156,7,6,0,0,0,0.36328571428571,0.17285714285714,76,7,4,3,25,0,0,0.005487342,0.07
enterprise,3,48,1804,7659.6408,8938.09645803766,7,6,0,0,0,0.31471428571429,0.17785714285714,72,7,4,3,25,0,0,0.0076596408,0.07
enterprise,3,60,1805,9604.6524,11151.8588845404,7,6,0,0,0,0.37971428571429,0.18285714285714,68,7,4,3,25,0,0,0.0096046524,0.07
enterprise,3,72,1806,11870.1324,13713.5582692533,7,6,0,0,0,0.44871428571429,0.17928571428571,65,7,4,3,25,0,0,0.0118701324,0.07
enterprise,3,84,1807,14141.0388,16255.6704699507,7,6,0,0,0,0.49371428571429,0.18428571428571,64,7,4,3,26,0,0,0.0141410388,0.07
enterprise,3,96,1808,16403.2092,18762.0969824138,7,6,0,0,0,0.51571428571429,0.18928571428571,53,7,4,3,26,0,0,0.0164032092,0.07
enterprise,3,108,1809,19054.8708,21686.4038495964,7,6,0,0,0,0.49914285714286,0.195,55,7,4,3,26,0,0,0.0190548708,0.07
enterprise,3,120,1810,21996.9204,24909.9236107748,7,6,0,0,0,0.49285714285714,0.20714285714286,50,7,4,3,26,0,0,0.0219969204,0.07
enterprise,3,132,1811,25167.9876,28358.8087422044,7,6,0,0,0,0.45271428571429,0.205,52,7,4,3,29,0,0,0.0251679876,0.07
enterprise,3,144,1812,28077.252,31479.1554421299,7,6,0,0,0,0.45228571428571,0.20785714285714,52,7,4,3,29,0,0,0.028077252,0.07
enterprise,3,156,1813,31345.7256,34968.4014620653,7,6,0,0,0,0.46857142857143,0.20642857142857,50,7,4,3,29,0,0,0.0313457256,0.07
enterprise,3,168,1814,34431.7092,38219.5010980275,7,6,0,0,0,0.48,0.20642857142857,100,9,4,3,34,0,0,0.0344317092,0.07
enterprise,3,180,1815,37486.218,41402.545035539,7,6,0,0,0,0.55928571428571,0.21142857142857,92,9,4,3,34,0,0,0.037486218,0.07
enterprise,3,192,1816,40625.4828,44646.0382360583,7,6,0,0,0,0.54114285714286,0.21928571428571,91,9,4,3,34,0,0,0.0406254828,0.07
enterprise,3,204,1817,43687.1316,47771.2826655683,7,6,0,0,0,0.51028571428571,0.215,93,9,4,3,34,0,0,0.0436871316,0.07
enterprise,3,216,1818,46522.0392,50617.5469342879,7,6,0,0,0,0.63685714285714,0.225,84,9,4,3,36,0,0,0.0465220392,0.07
enterprise,3,228,1819,49636.2216,53736.5828643812,7,6,0,0,0,0.62457142857143,0.23714285714286,80,9,4,3,36,0,0,0.0496362216,0.07
enterprise,3,240,1820,51813.2916,55813.7874418654,7,6,0,0,0,0.59042857142857,0.24,80,9,4,3,37,0,0,0.0518132916,0.07
enterprise,3,252,1821,53878.692,57749.2482007595,7,6,0,0,0,0.591,0.24,77,9,4,3,38,0,0,0.053878692,0.07
enterprise,3,264,1822,55758.3432,59465.9185167647,7,6,0,0,0,0.63285714285714,0.23857142857143,68,9,4,3,38,0,0,0.0557583432,0.07
enterprise,3,276,1823,57711.0996,61241.610049369,7,6,0,0,0,0.64928571428571,0.23857142857143,63,9,4,3,38,0,0,0.0577110996,0.07
enterprise,3,288,1824,59666.9724,63001.4046002052,7,6,0,0,0,0.61185714285714,0.24571428571429,63,9,4,3,38,0,0,0.0596669724,0.07
enterprise,3,300,1825,61458.7764,64569.7522170935,7,6,0,1,0,0.62214285714286,0.25428571428571,63,9,4,3,38,0,0,0.0614587764,0.07
enterprise,3,312,1826,65022.72,67973.451528213,7,6,0,1,0,0.59685714285714,0.25928571428571,58,9,4,3,38,0,0,0.06502272,0.07
enterprise,3,324,1827,67006.4808,69697.9459461408,7,6,0,1,0,0.63742857142857,0.25285714285714,56,9,4,3,38,0,0,0.0670064808,0.07
enterprise,3,336,1828,68914.3056,71324.9595963514,7,6,0,1,0,0.59514285714286,0.26285714285714,53,9,4,3,38,0,0,0.0689143056,0.07
enterprise,3,348,1829,70953.7164,73069.5238825681,7,6,0,1,0,0.61714285714286,0.25857142857143,51,9,4,3,38,0,0,0.0709537164,0.07
enterprise,3,360,1830,73266.2532,75074.7841274709,7,6,0,1,0,0.62342857142857,0.25857142857143,100,11,4,3,38,0,0,0.0732662532,0.07
enterprise,3,372,1831,76881.6216,78386.5633554459,7,6,0,1,0,0.65171428571429,0.25857142857143,98,11,4,3,38,0,0,0.0768816216,0.07
enterprise,3,384,1832,79585.4304,80738.678839453,7,6,0,1,0,0.61928571428571,0.25857142857143,93,11,4,3,38,0,0,0.0795854304,0.07
enterprise,3,396,1833,81579.2292,82348.6808809994,7,6,0,1,0,0.552,0.26357142857143,95,11,4,3,38,0,0,0.0815792292,0.07
enterprise,3,408,1834,83490.0864,83857.3124385613,7,6,0,1,0,0.639,0.26428571428571,87,11,4,3,38,0,0,0.0834900864,0.07
enterprise,3,420,1835,86664.9336,86612.069850899,7,6,0,1,0,0.65242857142857,0.26428571428571,82,11,4,3,38,0,0,0.0866649336,0.07
enterprise,3,432,1836,90204.1896,89699.639545765,7,6,0,1,0,0.61742857142857,0.28428571428571,82,11,4,3,38,0,0,0.0902041896,0.07
enterprise,3,444,1837,93676.0356,92687.5647027034,7,6,0,1,0,0.65142857142857,0.285,79,11,4,3,38,0,0,0.0936760356,0.07
enterprise,3,456,1838,97353.564,95845.9582164796,7,6,0,1,0,0.62814285714286,0.285,79,11,4,3,38,0,0,0.097353564,0.07
enterprise,3,468,1839,100809.9624,98753.9284686003,7,6,0,1,0,0.647,0.29,76,11,4,3,38,0,0,0.1008099624,0.07
enterprise,3,480,1840,104405.9772,101766.60131737,7,6,0,1,0,0.65985714285714,0.3,69,11,4,3,38,0,0,0.1044059772,0.07
enterprise,3,492,1841,108096.576,104838.506557613,7,6,0,1,0,0.57828571428571,0.29785714285714,69,11,4,3,38,0,0,0.108096576,0.07
enterprise,3,504,1842,111557.5944,107655.694881688,7,6,0,1,0,0.57985714285714,0.30071428571429,73,11,4,3,38,0,0,0.1115575944,0.07
enterprise,3,516,1843,115296.384,110708.899727395,7,6,0,1,0,0.60185714285714,0.30785714285714,65,11,4,3,38,0,0,0.115296384,0.07
enterprise,3,528,1844,118145.4456,112878.91133262,7,6,0,1,0,0.61014285714286,0.31285714285714,55,11,4,3,38,0,0,0.1181454456,0.07
enterprise,3,540,1845,119569.7664,113670.0858995,7,6,0,1,0,0.67071428571429,0.30642857142857,48,11,4,3,38,0,0,0.1195697664,0.07
enterprise,3,552,1846,121028.0736,114482.711738899,7,6,0,1,0,0.64285714285714,0.30642857142857,100,13,4,3,39,0,0,0.1210280736,0.07
enterprise,3,564,1847,122874.5616,115649.763358692,7,5,0,1,0,0.59057142857143,0.315,100,13,4,3,39,0,0,0.1228745616,0.07
enterprise,3,576,1848,125308.4112,117352.398553341,7,5,0,1,0,0.604,0.315,93,13,4,3,39,0,0,0.1253084112,0.07
enterprise,3,588,1849,128557.2624,119794.627787873,7,5,0,1,0,0.68942857142857,0.31142857142857,93,13,4,3,39,1,0,0.1285572624,0.07
enterprise,3,600,1850,131684.6328,122096.946740648,7,5,0,1,0,0.71414285714286,0.31642857142857,86,13,4,3,39,1,0,0.1316846328,0.07
enterprise,3,612,1851,133960.6128,123587.859959566,7,5,0,1,0,0.66628571428571,0.31928571428571,83,13,4,3,39,1,0,0.1339606128,0.07
enterprise,3,624,1852,135502.5924,124387.079330718,7,5,0,1,0,0.69628571428571,0.32071428571429,77,13,4,3,39,2,0,0.1355025924,0.07
enterprise,3,636,1853,136941.8484,125081.428301888,7,5,0,1,0,0.69214285714286,0.32071428571429,72,13,4,3,39,2,0,0.1369418484,0.07
enterprise,3,648,1854,138394.0656,125777.539271798,7,5,0,1,0,0.70142857142857,0.33571428571429,70,13,4,3,39,3,0,0.1383940656,0.07
enterprise,3,660,1855,140455.1904,127014.23556878,7,5,0,1,0,0.7,0.33357142857143,67,13,4,3,39,3,0,0.1404551904,0.07
enterprise,3,672,1856,142958.2056,128633.081651353,7,5,0,1,0,0.70571428571429,0.32928571428571,63,13,4,3,39,4,0,0.1429582056,0.07
enterprise,3,684,1857,145120.2732,129927.371634568,7,5,0,1,0,0.67957142857143,0.325,63,13,4,3,39,4,0,0.1451202732,0.07
enterprise,3,696,1858,147779.856,131648.763553022,7,5,0,1,0,0.66814285714286,0.34214285714286,62,13,4,3,39,4,0,0.147779856,0.07
enterprise,3,708,1859,151426.6404,134224.814500779,7,5,0,1,0,0.69857142857143,0.33357142857143,59,13,4,3,39,4,0,0.1514266404,0.07
enterprise,3,720,1860,154889.112,136609.340630472,7,5,0,1,0,0.70714285714286,0.33928571428571,54,13,4,3,39,4,0,0.154889112,0.07
enterprise,3,732,1861,158717.7228,139288.066197691,7,5,0,1,0,0.67642857142857,0.34428571428571,54,13,4,3,39,4,0,0.1587177228,0.07
enterprise,3,744,1862,161527.1028,141046.680127383,7,5,0,1,0,0.677,0.35428571428571,46,13,4,3,39,4,0,0.1615271028,0.07
enterprise,3,756,1863,164522.7024,142946.089562847,7,5,0,1,0,0.66642857142857,0.34785714285714,100,15,4,3,39,4,0,0.1645227024,0.07
enterprise,3,768,1864,168150.15,145369.29482739,7,5,0,1,0,0.65828571428571,0.36285714285714,95,15,4,3,39,4,0,0.16815015,0.07
enterprise,3,780,1865,171211.5132,147277.827812416,7,5,0,1,0,0.67614285714286,0.36785714285714,97,15,4,3,39,4,0,0.1712115132,0.07
enterprise,3,792,1866,174328.0476,149210.934601282,7,5,0,1,0,0.65928571428571,0.38285714285714,99,15,4,3,39,4,0,0.1743280476,0.07
enterprise,3,804,1867,177756.096,151386.402147528,7,5,0,1,0,0.665,0.38071428571429,95,15,4,3,39,4,0,0.177756096,0.07
enterprise,3,816,1868,181302.1392,153636.453146245,7,4,0,1,0,0.64657142857143,0.39285714285714,95,15,4,3,39,4,0,0.1813021392,0.07
enterprise,3,828,1869,183802.8696,154978.913326205,7,5,0,1,0,0.66671428571429,0.39785714285714,94,15,4,3,39,4,0,0.1838028696,0.07
enterprise,3,840,1870,186386.7684,156373.941271245,7,5,0,1,0,0.70071428571429,0.41714285714286,86,15,4,3,39,4,0,0.1863867684,0.07
enterprise,3,852,1871,190066.1616,158665.71306238,7,5,0,1,0,0.67714285714286,0.42214285714286,82,15,4,3,39,4,0,0.1900661616,0.07
enterprise,3,864,1872,193629.24,160834.126356679,7,5,0,1,0,0.68942857142857,0.43285714285714,77,15,4,3,39,4,0,0.19362924,0.07
enterprise,3,876,1873,197378.622,163130.946484554,7,5,0,1,0,0.69514285714286,0.44285714285714,71,15,4,3,39,4,0,0.197378622,0.07
enterprise,3,888,1874,200838.3888,165162.6916151,7,5,0,1,0,0.71428571428571,0.455,68,15,4,3,39,4,0,0.2008383888,0.07
enterprise,3,900,1875,204292.326,167165.347798098,7,5,0,1,0,0.70142857142857,0.46071428571429,63,15,4,3,39,4,0,0.204292326,0.07
enterprise,3,912,1876,208070.3604,169407.799908476,7,5,0,1,0,0.70571428571429,0.47357142857143,55,15,4,3,39,4,0,0.2080703604,0.07
enterprise,3,924,1877,210874.3728,170834.651735841,7,5,0,1,0,0.70285714285714,0.47428571428571,57,15,4,3,39,4,0,0.2108743728,0.07
enterprise,3,936,1878,213660.1236,172228.340871868,7,5,0,1,0,0.68357142857143,0.48642857142857,52,15,4,3,39,5,0,0.2136601236,0.07
enterprise,3,948,1879,216394.3572,173562.562784419,7,5,0,1,0,0.67857142857143,0.48,100,17,4,3,39,5,0,0.2163943572,0.07
enterprise,3,960,1880,219279.7152,174999.803407078,7,5,0,1,0,0.68857142857143,0.48714285714286,94,17,4,3,39,5,0,0.2192797152,0.07
enterprise,3,972,1881,222528.936,176707.333551635,7,5,0,1,0,0.68,0.49357142857143,96,17,4,3,39,5,0,0.222528936,0.07
enterprise,3,984,1882,226135.8204,178676.082946406,7,5,0,1,0,0.675,0.50142857142857,96,17,4,3,39,6,0,0.2261358204,0.07
enterprise,3,996,1883,229789.1988,180657.357224887,7,5,0,1,0,0.70785714285714,0.50142857142857,85,17,4,3,39,6,0,0.2297891988,0.07
enterprise,3,1008,1884,233395.0248,182577.230855647,7,5,0,1,0,0.69,0.49785714285714,82,17,4,3,39,7,0,0.2333950248,0.07
enterprise,3,1020,1885,236024.8884,183713.809393198,7,5,0,1,0,0.69785714285714,0.50285714285714,75,17,4,3,39,7,0,0.2360248884,0.07
enterprise,3,1032,1886,237064.0272,183602.520666569,7,5,0,1,0,0.70714285714286,0.50785714285714,79,17,4,3,39,7,0,0.2370640272,0.07
enterprise,3,1044,1887,238191.4752,183555.826869579,7,5,0,1,0,0.68785714285714,0.50857142857143,75,17,4,3,39,7,0,0.2381914752,0.07
enterprise,3,1056,1888,239988.9072,184018.763992594,7,5,0,1,0,0.65814285714286,0.51142857142857,77,17,4,3,39,7,0,0.2399889072,0.07
enterprise,3,1068,1889,242133.3684,184737.288408408,7,5,0,2,0,0.68642857142857,0.51142857142857,72,17,4,3,39,7,0,0.2421333684,0.07
enterprise,3,1080,1890,244437.3624,185565.18105934,7,5,0,2,0,0.67714285714286,0.51,62,17,4,3,39,7,0,0.2444373624,0.07
enterprise,3,1092,1891,247298.7804,186801.283235805,7,5,0,2,0,0.64857142857143,0.51071428571429,62,17,4,3,39,7,0,0.2472987804,0.07
enterprise,3,1104,1892,248699.4972,186922.580472369,7,5,0,2,0,0.64142857142857,0.51142857142857,61,17,4,3,39,7,0,0.2486994972,0.07
enterprise,3,1116,1893,250288.9788,187179.191388063,7,5,0,2,0,0.625,0.50928571428571,61,17,4,3,39,7,0,0.2502889788,0.07
enterprise,3,1128,1894,254152.752,189120.94834242,7,5,0,2,0,0.62014285714286,0.52214285714286,56,17,4,3,39,7,0,0.254152752,0.07
enterprise,3,1140,1895,255993.5364,189540.839603305,7,5,0,2,0,0.65057142857143,0.52285714285714,52,17,4,3,39,7,0,0.2559935364,0.07
enterprise,3,1152,1896,257309.598,189565.266737613,7,5,0,2,0,0.64385714285714,0.52571428571429,100,19,4,3,39,7,0,0.257309598,0.07
enterprise,3,1164,1897,260184.792,190727.65449065,7,5,0,2,0,0.65842857142857,0.52714285714286,96,19,4,3,39,7,0,0.260184792,0.07
enterprise,3,1176,1898,263298.462,192047.678624629,7,5,0,2,0,0.61414285714286,0.52571428571429,95,19,4,3,39,7,0,0.263298462,0.07
enterprise,3,1188,1899,266199.4524,193195.442579426,7,5,0,2,0,0.60157142857143,0.53285714285714,91,19,4,3,39,7,0,0.2661994524,0.07
enterprise,3,1200,1900,269528.91,194636.396027151,7,5,0,2,0,0.60471428571429,0.54285714285714,91,19,4,3,39,7,0,0.26952891,0.07
family,1,0,1800,84.0,100.0,7,7,0,0,0,0.33571428571429,0.17142857142857,80,7,1,0,18,0,0,0.000084,0.07
family,1,12,1801,1928.4132,2284.28237765583,7,6,0,0,0,0.23857142857143,0.19,80,7,1,0,18,0,1,0.0019284132,0.07
family,1,24,1802,3792.9528,4470.50013125362,8,7,1,0,0,0.099375,0.16,85,7,1,0,22,0,1,0.0037929528,0.08
family,1,36,1803,5649.756,6625.78509437256,8,7,1,0,0,0.036875,0.155,90,7,1,0,22,0,1,0.005649756,0.08
family,1,48,1804,7465.584,8711.65001726747,8,7,1,0,0,0.093125,0.15375,90,7,1,0,22,0,1,0.007465584,0.08
family,1,60,1805,9391.83,10904.7530785802,8,7,1,0,0,0.01875,0.15375,97,7,1,0,22,0,1,0.00939183,0.08
family,1,72,1806,11410.1736,13182.1680881921,8,7,1,0,0,0.045,0.15375,100,7,1,0,22,0,1,0.0114101736,0.08
family,1,84,1807,13713.3024,15763.9709516379,8,7,1,0,0,0.065625,0.14875,100,7,1,0,23,0,1,0.0137133024,0.08
family,1,96,1808,15590.3496,17832.3429042737,8,7,1,0,0,0.0,0.1525,100,7,1,0,23,0,1,0.0155903496,0.08
family,1,108,1809,16914.9372,19250.9391986936,8,7,1,0,0,0.0,0.1525,100,7,1,0,23,0,1,0.0169149372,0.08
family,1,120,1810,17851.2264,20215.2245812849,8,7,1,0,0,0.0,0.15625,96,7,1,0,24,0,1,0.0178512264,0.08
family,1,132,1811,18438.2016,20775.8141427489,8,7,1,0,0,0.00875,0.1475,100,7,1,0,26,0,1,0.0184382016,0.08
family,1,144,1812,20797.3752,23317.2322814604,8,7,1,1,0,0.030625,0.15125,96,7,1,0,27,0,1,0.0207973752,0.08
family,1,156,1813,24192.2604,26988.1987974151,8,7,1,1,0,0.0,0.14625,100,7,1,0,29,0,1,0.0241922604,0.08
family,1,168,1814,27026.5212,29999.6770616099,8,7,1,1,0,0.039375,0.145,100,7,1,0,31,0,1,0.0270265212,0.08
family,1,180,1815,28478.982,31454.2890088646,8,7,1,1,0,0.00875,0.13125,100,7,1,0,31,0,1,0.028478982,0.08
family,1,192,1816,30000.0876,32969.0865378392,8,7,1,1,0,0.0,0.135,100,7,1,0,32,0,1,0.0300000876,0.08
family,1,204,1817,31963.2768,34951.4073139698,8,7,1,1,0,0.03375,0.135,100,7,1,0,34,0,1,0.0319632768,0.08
family,1,216,1818,35133.8736,38226.8388598782,8,7,1,1,0,0.0,0.135,100,7,1,0,34,0,1,0.0351338736,0.08
family,1,228,1819,36675.2652,39704.9445740438,8,7,1,1,0,0.0,0.13,100,7,1,0,34,0,1,0.0366752652,0.08
family,1,240,1820,37944.7404,40874.4476527788,8,7,1,1,0,0.02625,0.1425,100,7,1,0,35,0,2,0.0379447404,0.08
family,1,252,1821,39758.0316,42614.1828914859,8,7,1,1,0,0.06625,0.1425,100,7,1,0,35,0,2,0.0397580316,0.08
family,1,264,1822,42614.9976,45448.6239984571,8,7,1,1,0,0.0,0.14625,100,7,1,0,35,0,2,0.0426149976,0.08
family,1,276,1823,44033.4972,46727.2722807794,8,7,1,1,0,0.004375,0.1375,100,7,1,0,36,0,2,0.0440334972,0.08
family,1,288,1824,45034.4244,47551.1305239572,8,7,1,1,0,0.074375,0.1325,97,7,1,0,36,0,2,0.0450344244,0.08
family,1,300,1825,45546.9504,47852.4870464595,8,7,1,1,0,0.0225,0.1325,100,7,1,0,36,0,2,0.0455469504,0.08
family,1,312,1826,48877.9536,51096.0355061715,8,7,1,1,0,0.0,0.1325,100,7,1,0,36,0,2,0.0488779536,0.08
family,1,324,1827,52369.2876,54472.8171484974,8,6,1,1,0,0.02625,0.1325,100,7,1,0,36,0,2,0.0523692876,0.08
family,1,336,1828,54250.9884,56148.7128398509,8,6,1,1,0,0.000625,0.135,100,7,1,0,36,0,2,0.0542509884,0.08
family,1,348,1829,55990.2504,57659.8541467487,8,6,1,1,0,0.0375,0.1275,100,7,1,0,36,0,2,0.0559902504,0.08
family,1,360,1830,58228.0944,59665.4179285095,8,6,1,1,0,0.0,0.135,100,7,1,0,36,0,2,0.0582280944,0.08
family,1,372,1831,61185.5832,62383.2782677246,8,6,1,1,0,0.02,0.135,100,7,1,0,36,0,2,0.0611855832,0.08
family,1,384,1832,63695.2008,64618.1887207042,8,6,1,1,0,0.01125,0.14,96,7,1,0,36,0,2,0.0636952008,0.08
family,1,396,1833,65390.8584,66007.6220837376,8,6,1,1,0,0.0,0.13,100,7,1,0,36,0,2,0.0653908584,0.08
family,1,408,1834,67221.6552,67517.3255389473,8,6,1,1,0,0.0,0.13375,100,7,1,0,36,0,2,0.0672216552,0.08
family,1,420,1835,69722.016,69679.4870669294,8,6,1,1,0,0.0525,0.13125,100,7,1,0,36,0,2,0.069722016,0.08
family,1,432,1836,72995.6976,72587.4018950409,8,6,1,1,0,0.0,0.13875,100,7,1,0,36,0,2,0.0729956976,0.08
family,1,444,1837,76269.9336,75465.1321455036,8,6,1,1,0,0.015,0.13375,100,7,1,0,36,0,2,0.0762699336,0.08
family,1,456,1838,79461.6228,78231.0895028194,8,6,1,1,0,0.00125,0.14125,100,7,1,0,36,0,2,0.0794616228,0.08
family,1,468,1839,82334.7588,80655.5293488996,8,6,1,1,0,0.0,0.14125,100,7,1,0,36,0,2,0.0823347588,0.08
family,1,480,1840,83368.8828,81261.3232088227,8,6,1,1,0,0.0,0.14875,100,7,1,0,36,0,2,0.0833688828,0.08
family,1,492,1841,85279.0344,82708.6938181216,8,6,1,1,0,0.0,0.14875,100,7,1,0,36,0,2,0.0852790344,0.08
family,1,504,1842,87784.5108,84714.1116734503,8,6,1,1,0,0.0,0.15625,100,7,1,0,36,0,2,0.0877845108,0.08
family,1,516,1843,89351.0772,85795.9209394594,8,6,1,1,0,0.0,0.15625,100,7,1,0,36,0,2,0.0893510772,0.08
family,1,528,1844,90838.3644,86789.0897413302,8,6,1,1,0,0.018125,0.16375,100,7,1,0,36,0,2,0.0908383644,0.08
family,1,540,1845,93086.0028,88493.0551668043,8,6,1,1,0,0.034375,0.16375,100,7,1,0,36,0,2,0.0930860028,0.08
family,1,552,1846,94351.2948,89248.649205801,8,6,1,2,0,0.0075,0.17125,100,7,1,0,37,0,2,0.0943512948,0.08
family,1,564,1847,95530.7724,89913.7386752071,8,6,1,2,0,0.03375,0.17125,100,7,1,0,37,0,2,0.0955307724,0.08
family,1,576,1848,97816.404,91605.8987368489,8,6,1,2,0,0.0225,0.17875,93,7,1,0,37,0,2,0.097816404,0.08
family,1,588,1849,98648.0712,91924.0869848795,8,6,1,2,0,0.006875,0.17875,98,7,1,0,37,1,2,0.0986480712,0.08
family,1,600,1850,100058.1456,92773.1187347111,8,6,1,2,0,0.0025,0.18625,100,7,1,0,37,1,2,0.1000581456,0.08
family,1,612,1851,101299.3044,93455.5611870767,8,6,1,2,0,0.0025,0.18625,100,7,1,0,37,1,2,0.1012993044,0.08
family,1,624,1852,104511.6492,95938.3770433645,8,6,1,2,0,0.015,0.1925,100,7,1,0,37,2,2,0.1045116492,0.08
family,1,636,1853,106445.3712,97226.2257402145,8,6,1,2,0,0.05375,0.1925,100,7,1,0,37,2,2,0.1064453712,0.08
family,1,648,1854,109561.788,99573.7211210189,8,6,1,2,0,0.00375,0.2,100,7,1,0,37,3,2,0.109561788,0.08
family,1,660,1855,113346.5424,102499.768049158,8,6,1,2,0,0.003125,0.2,100,7,1,0,37,3,2,0.1133465424,0.08
family,1,672,1856,116444.8824,104776.525438155,8,6,1,2,0,0.0,0.2075,100,7,1,0,37,4,2,0.1164448824,0.08
family,1,684,1857,118912.6344,106463.45752424,8,6,1,2,0,0.0075,0.2075,100,7,1,0,37,4,2,0.1189126344,0.08
family,1,696,1858,122065.776,108741.535670059,8,6,1,2,0,0.0,0.215,100,7,1,0,37,4,2,0.122065776,0.08
family,1,708,1859,125681.0184,111403.85427853,8,6,1,2,0,0.0,0.215,100,7,1,0,37,4,2,0.1256810184,0.08
family,1,720,1860,126865.9308,111893.411559226,8,6,1,2,0,0.0,0.2225,100,7,1,0,37,4,2,0.1268659308,0.08
family,1,732,1861,127619.2596,111996.56576263,8,6,1,2,0,0.0,0.2225,100,7,1,0,37,4,2,0.1276192596,0.08
family,1,744,1862,129856.3056,113391.501989392,8,6,1,2,0,0.004375,0.23,100,7,1,0,37,4,2,0.1298563056,0.08
family,1,756,1863,132037.6344,114721.331690263,8,6,1,2,0,0.0,0.23,100,7,1,0,37,4,2,0.1320376344,0.08
family,1,768,1864,132919.7352,114911.86998446,8,6,1,2,0,0.005,0.23625,100,7,1,0,37,4,2,0.1329197352,0.08
family,1,780,1865,133818.9048,115112.338246541,8,6,1,2,0,0.0,0.23625,100,7,1,0,37,4,2,0.1338189048,0.08
family,1,792,1866,134580.7344,115190.39784824,8,6,1,2,0,0.01875,0.24,100,7,1,0,37,4,2,0.1345807344,0.08
family,1,804,1867,135132.7824,115086.155693478,8,6,1,2,0,0.00375,0.24,100,7,1,0,37,4,2,0.1351327824,0.08
family,1,816,1868,136882.368,115994.88903206,8,6,1,2,0,0.0375,0.24375,100,7,1,0,37,4,2,0.136882368,0.08
family,1,828,1869,139113.1224,117297.409914689,8,6,1,2,0,0.006875,0.24375,100,7,1,0,37,4,2,0.1391131224,0.08
family,1,840,1870,141256.6428,118510.869387338,8,6,1,2,0,0.00375,0.2475,100,7,1,0,37,4,2,0.1412566428,0.08
family,1,852,1871,142707.5076,119131.087101982,8,6,1,2,0,0.0,0.2475,100,7,1,0,37,4,2,0.1427075076,0.08
family,1,864,1872,143410.4532,119120.929002445,8,6,1,2,0,0.0,0.25125,100,7,1,0,37,4,2,0.1434104532,0.08
family,1,876,1873,145693.3716,120413.737641931,8,6,1,2,0,0.0075,0.25125,100,7,1,0,37,4,2,0.1456933716,0.08
family,1,888,1874,147582.1284,121366.546039675,8,6,1,2,0,0.0,0.255,100,7,1,0,37,4,2,0.1475821284,0.08
family,1,900,1875,149010.3132,121929.987872288,8,6,1,2,0,0.000625,0.255,100,7,1,0,37,4,2,0.1490103132,0.08
family,1,912,1876,152476.5228,124144.122284332,8,6,1,2,0,0.051875,0.25875,100,7,1,0,37,4,2,0.1524765228,0.08
family,1,924,1877,156620.9568,126882.590113682,8,6,1,2,0,0.0,0.25875,100,7,1,0,37,4,2,0.1566209568,0.08
family,1,936,1878,160548.8052,129416.073915239,8,6,1,2,0,0.015,0.2625,100,7,1,0,37,5,2,0.1605488052,0.08
family,1,948,1879,164159.8308,131667.023616384,8,6,1,2,0,0.05,0.2625,100,7,1,0,37,5,2,0.1641598308,0.08
family,1,960,1880,168049.8708,134114.978787536,8,6,1,2,0,0.00875,0.2625,100,7,1,0,37,5,2,0.1680498708,0.08
family,1,972,1881,172019.3412,136598.321320158,8,6,1,2,0,0.0,0.2625,100,7,1,0,37,5,2,0.1720193412,0.08
family,1,984,1882,174020.2548,137498.152331639,8,6,1,2,0,0.040625,0.2625,100,7,1,0,37,6,2,0.1740202548,0.08
family,1,996,1883,175727.1936,138154.493571097,8,6,1,2,0,0.0025,0.2625,100,7,1,0,37,6,2,0.1757271936,0.08
family,1,1008,1884,177714.0792,139019.863393408,8,6,1,2,0,0.0,0.2625,96,7,1,0,37,7,2,0.1777140792,0.08
family,1,1020,1885,181641.6504,141383.731883809,8,6,1,2,0,0.005,0.2625,98,7,1,0,37,7,2,0.1816416504,0.08
family,1,1032,1886,185272.8192,143491.009656321,8,6,1,2,0,0.0,0.2625,100,7,1,0,37,7,2,0.1852728192,0.08
family,1,1044,1887,189178.794,145785.527923292,8,6,1,2,0,0.02,0.2625,100,7,1,0,37,7,2,0.189178794,0.08
family,1,1056,1888,193048.8252,148026.034277997,8,6,1,2,0,0.011875,0.2625,100,7,1,0,37,7,2,0.1930488252,0.08
family,1,1068,1889,197024.4024,150321.098203758,8,6,1,2,0,0.01125,0.2625,100,7,1,0,37,7,2,0.1970244024,0.08
family,1,1080,1890,201141.1164,152696.737179503,8,6,1,2,0,0.004375,0.2625,100,7,1,0,37,7,2,0.2011411164,0.08
family,1,1092,1891,205106.496,154930.633264051,8,6,1,2,0,0.015,0.2625,100,7,1,0,37,7,2,0.205106496,0.08
family,1,1104,1892,208628.9268,156805.533576434,8,6,1,2,0,0.03375,0.2625,100,7,1,0,37,7,2,0.2086289268,0.08
family,1,1116,1893,210408.4332,157354.433169334,8,6,1,2,0,0.0025,0.2625,100,7,1,0,37,7,2,0.2104084332,0.08
family,1,1128,1894,213517.0044,158882.94752504,8,6,1,2,1,0.0,0.2625,100,7,1,0,37,7,2,0.2135170044,0.08
family,1,1140,1895,216071.646,159982.168976779,8,6,1,2,1,0.0,0.2625,100,7,1,0,37,7,2,0.216071646,0.08
family,1,1152,1896,218241.0468,160782.662486371,8,6,1,2,1,0.0075,0.2625,100,7,1,0,37,7,2,0.2182410468,0.08
family,1,1164,1897,220659.9444,161754.087592673,8,6,1,2,1,0.005,0.2625,100,7,1,0,37,7,2,0.2206599444,0.08
family,1,1176,1898,222904.3068,162584.522337135,8,6,1,2,1,0.0,0.2625,100,7,1,0,37,7,2,0.2229043068,0.08
family,1,1188,1899,225963.8304,163994.260046308,8,6,1,2,1,0.01125,0.2625,100,7,1,0,37,7,2,0.2259638304,0.08
family,1,1200,1900,229780.278,165932.497512185,8,6,1,2,1,0.0075,0.2625,100,7,1,0,37,7,2,0.229780278,0.08
family,2,0,1800,84.0,100.0,7,7,0,0,0,0.33571428571429,0.17142857142857,80,7,1,0,18,0,0,0.000084,0.07
family,2,12,1801,1854.9048,2197.20874492521,7,6,0,0,0,0.25142857142857,0.18428571428571,84,7,1,0,18,0,1,0.0018549048,0.07
family,2,24,1802,3918.6336,4618.63169590058,7,6,0,0,0,0.13714285714286,0.18,89,7,1,0,22,0,1,0.0039186336,0.07
family,2,36,1803,5846.2992,6856.28230610352,7,6,0,0,0,0.06214285714286,0.18428571428571,99,7,1,0,22,0,1,0.0058462992,0.07
family,2,48,1804,6977.4768,8142.07379961211,7,6,0,0,0,0.0,0.18857142857143,100,7,1,0,22,0,1,0.0069774768,0.07
family,2,60,1805,8803.3344,10221.4571494769,7,6,0,0,0,0.0,0.18857142857143,100,7,1,0,22,0,1,0.0088033344,0.07
family,2,72,1806,11329.7688,13089.2764613112,7,6,0,0,0,0.05142857142857,0.17714285714286,100,7,1,0,22,0,1,0.0113297688,0.07
family,2,84,1807,13677.3,15722.584801808,7,6,0,0,0,0.00428571428571,0.17142857142857,100,7,1,0,23,0,1,0.0136773,0.07
family,2,96,1808,15300.3228,17500.6083709423,7,6,0,0,0,0.0,0.17,100,7,1,0,23,0,1,0.0153003228,0.07
family,2,108,1809,17106.5916,19469.061628469,7,6,0,0,0,0.03,0.17,100,7,1,0,23,0,1,0.0171065916,0.07
family,2,120,1810,18758.4852,21242.6296449138,7,6,0,0,0,0.0,0.16857142857143,100,7,1,0,24,0,1,0.0187584852,0.07
family,2,132,1811,20109.2304,22658.6975458667,7,6,0,1,0,0.00857142857143,0.16857142857143,100,7,1,0,26,0,1,0.0201092304,0.07
family,2,144,1812,22819.8516,25584.7565026213,7,6,0,1,0,0.00428571428571,0.17285714285714,100,7,1,0,27,0,1,0.0228198516,0.07
family,2,156,1813,25553.3292,28506.5685050825,7,6,0,1,0,0.13214285714286,0.17428571428571,97,7,1,0,29,0,1,0.0255533292,0.07
family,2,168,1814,28581.7056,31725.9454712953,7,6,0,1,0,0.11928571428571,0.17428571428571,100,7,1,0,31,0,1,0.0285817056,0.07
family,2,180,1815,31571.8536,34870.2846077842,7,6,0,1,0,0.00214285714286,0.17857142857143,100,7,1,0,31,0,1,0.0315718536,0.07
family,2,192,1816,32558.2404,35780.4103634475,7,6,0,1,0,0.03,0.17714285714286,100,7,1,0,32,0,1,0.0325582404,0.07
family,2,204,1817,33544.4088,36680.3535948828,7,6,0,1,0,0.04714285714286,0.18142857142857,100,7,1,0,34,0,1,0.0335444088,0.07
family,2,216,1818,34790.112,37852.814650677,7,6,0,1,0,0.0,0.18571428571429,100,7,1,0,34,0,1,0.034790112,0.07
family,2,228,1819,37366.4088,40453.1823354086,7,6,0,1,0,0.0,0.18428571428571,100,7,1,0,34,0,1,0.0373664088,0.07
family,2,240,1820,40450.2504,43573.4076735598,7,6,0,1,0,0.0,0.18857142857143,100,7,1,0,35,0,1,0.0404502504,0.07
family,2,252,1821,42950.796,46036.3102100583,7,6,0,1,0,0.0,0.19285714285714,100,7,1,0,35,0,1,0.042950796,0.07
family,2,264,1822,45838.9596,48886.9589738253,7,6,0,1,0,0.02285714285714,0.19285714285714,100,7,1,0,35,0,1,0.0458389596,0.07
family,2,276,1823,48394.584,51355.1511298778,7,6,0,1,0,0.04571428571429,0.19142857142857,100,7,1,0,35,0,1,0.048394584,0.07
family,2,288,1824,50633.0328,53462.611848029,7,6,0,1,0,0.07214285714286,0.19571428571429,100,7,1,0,36,0,1,0.0506330328,0.07
family,2,300,1825,54001.2312,56734.7142629084,7,6,0,1,0,0.02928571428571,0.2,97,7,1,0,36,0,1,0.0540012312,0.07
family,2,312,1826,57480.6456,60089.1177345702,7,6,0,1,0,0.0,0.20428571428571,100,7,1,0,36,0,1,0.0574806456,0.07
family,2,324,1827,60756.6624,63197.0896138023,7,6,0,1,0,0.01285714285714,0.20428571428571,100,7,1,0,36,0,1,0.0607566624,0.07
family,2,336,1828,63159.3312,65368.673554081,7,6,0,1,0,0.0,0.20428571428571,100,7,1,0,36,0,1,0.0631593312,0.07
family,2,348,1829,65316.4428,67264.1493532676,7,6,0,1,0,0.01857142857143,0.20857142857143,100,7,1,0,36,0,1,0.0653164428,0.07
family,2,360,1830,67851.0588,69525.9190929984,7,6,0,2,0,0.00428571428571,0.21285714285714,100,7,1,0,36,0,1,0.0678510588,0.07
family,2,372,1831,71079.0276,72470.3847845334,7,6,0,2,0,0.0,0.21142857142857,100,7,1,0,36,0,1,0.0710790276,0.07
family,2,384,1832,72396.1224,73445.1927481858,7,6,0,2,0,0.02142857142857,0.21142857142857,100,7,1,0,36,0,1,0.0723961224,0.07
family,2,396,1833,73147.62,73837.5451160135,7,6,0,2,0,0.0,0.21571428571429,100,7,1,0,36,0,1,0.07314762,0.07
family,2,408,1834,75527.6928,75859.8967373122,7,6,0,2,0,0.00428571428571,0.22,100,7,1,0,36,0,1,0.0755276928,0.07
family,2,420,1835,79185.7752,79137.4735769715,7,6,0,2,0,0.01714285714286,0.22428571428571,100,7,1,0,36,0,1,0.0791857752,0.07
family,2,432,1836,81020.982,80567.7974966688,7,6,0,2,0,0.005,0.22714285714286,100,7,1,0,36,0,1,0.081020982,0.07
family,2,444,1837,83155.422,82277.9647712334,7,6,0,2,0,0.0,0.22714285714286,100,7,1,0,36,0,1,0.083155422,0.07
family,2,456,1838,85674.6996,84347.9513299692,7,6,0,2,0,0.00428571428571,0.23142857142857,100,7,1,0,36,0,1,0.0856746996,0.07
family,2,468,1839,89496.2628,87670.973427109,7,6,0,2,0,0.03,0.23571428571429,96,7,1,0,36,0,1,0.0894962628,0.07
family,2,480,1840,93432.7716,91070.7975960031,7,6,0,2,0,0.0,0.23571428571429,100,7,1,0,36,0,1,0.0934327716,0.07
family,2,492,1841,97018.2612,94094.0961258978,7,6,0,2,0,0.03,0.24,100,7,1,0,36,0,1,0.0970182612,0.07
family,2,504,1842,100898.196,97369.1254379432,7,6,0,2,0,0.00571428571429,0.24428571428571,100,7,1,0,36,0,1,0.100898196,0.07
family,2,516,1843,103793.1804,99663.3927503836,7,6,0,2,0,0.05,0.24,100,7,1,0,36,0,1,0.1037931804,0.07
family,2,528,1844,105870.3156,101150.966139053,7,6,0,2,0,0.0,0.24428571428571,100,7,1,0,36,0,1,0.1058703156,0.07
family,2,540,1845,107890.5324,102567.115876299,7,6,0,2,0,0.0,0.24428571428571,100,7,1,0,36,0,1,0.1078905324,0.07
family,2,552,1846,108621.072,102746.697560806,7,6,0,2,0,0.06,0.24285714285714,92,7,1,0,37,0,1,0.108621072,0.07
family,2,564,1847,111563.1216,105003.415227623,7,6,0,2,0,0.01714285714286,0.23714285714286,96,7,1,0,37,0,1,0.1115631216,0.07
family,2,576,1848,115129.4928,107819.754435683,7,6,0,2,0,0.00214285714286,0.24142857142857,100,7,1,0,37,0,1,0.1151294928,0.07
family,2,588,1849,118152.9048,110099.44509033,7,6,0,2,0,0.03571428571429,0.23142857142857,100,7,1,0,37,1,1,0.1181529048,0.07
family,2,600,1850,120232.0728,111478.223973749,7,6,0,2,0,0.0,0.23,100,7,1,0,37,1,1,0.1202320728,0.07
family,2,612,1851,121332.9432,111937.968028492,7,5,0,2,0,0.02142857142857,0.23,100,7,1,0,37,1,1,0.1213329432,0.07
family,2,624,1852,124555.1832,114337.705126817,7,5,0,2,0,0.01428571428571,0.23428571428571,100,7,1,0,37,2,1,0.1245551832,0.07
family,2,636,1853,128477.9832,117350.611458535,7,5,0,2,0,0.025,0.23428571428571,100,7,1,0,37,2,1,0.1284779832,0.07
family,2,648,1854,131972.736,119941.602359044,7,5,0,2,0,0.0,0.23857142857143,100,7,1,0,37,3,1,0.131972736,0.07
family,2,660,1855,134449.7868,121583.52314467,7,5,0,2,0,0.0,0.23142857142857,100,7,1,0,37,3,1,0.1344497868,0.07
family,2,672,1856,137907.0588,124088.084908911,7,5,0,2,0,0.03928571428571,0.23571428571429,100,7,1,0,37,4,1,0.1379070588,0.07
family,2,684,1857,141758.5428,126917.58681688,7,5,0,2,0,0.03357142857143,0.23571428571429,100,7,1,0,37,4,1,0.1417585428,0.07
family,2,696,1858,145660.9308,129761.132246619,7,5,0,2,0,0.0,0.24,100,7,1,0,37,4,1,0.1456609308,0.07
family,2,708,1859,149315.3508,132353.364046824,7,5,0,2,0,0.02142857142857,0.24,100,7,1,0,37,4,1,0.1493153508,0.07
family,2,720,1860,152877.2448,134834.910858881,7,5,0,2,0,0.06785714285714,0.24428571428571,99,7,1,0,37,4,1,0.1528772448,0.07
family,2,732,1861,156796.8528,137602.342240737,7,5,0,2,0,0.00928571428571,0.24428571428571,99,7,1,0,37,4,1,0.1567968528,0.07
family,2,744,1862,158256.6048,138190.856694244,7,5,0,2,0,0.00357142857143,0.24857142857143,95,7,1,0,37,4,1,0.1582566048,0.07
family,2,756,1863,159844.3308,138881.271054603,7,5,0,2,0,0.00071428571429,0.24857142857143,100,7,1,0,37,4,1,0.1598443308,0.07
family,2,768,1864,161843.4888,139917.055317885,7,5,0,2,0,0.0,0.25285714285714,100,7,1,0,37,4,1,0.1618434888,0.07
family,2,780,1865,164594.6736,141585.957300573,7,5,0,2,0,0.00071428571429,0.25285714285714,100,7,1,0,37,4,1,0.1645946736,0.07
family,2,792,1866,166073.1996,142145.44168704,7,5,0,2,0,0.0,0.25714285714286,100,7,1,0,37,4,1,0.1660731996,0.07
family,2,804,1867,167648.9976,142778.667744275,7,5,0,2,0,0.02857142857143,0.25714285714286,100,7,1,0,37,4,1,0.1676489976,0.07
family,2,816,1868,171070.2336,144965.878754527,7,5,0,2,0,0.02071428571429,0.26142857142857,100,7,1,0,37,4,1,0.1710702336,0.07
family,2,828,1869,173714.1336,146472.292371279,7,5,0,2,0,0.015,0.26142857142857,100,7,1,0,37,4,1,0.1737141336,0.07
family,2,840,1870,176433.2976,148023.222646284,7,5,0,2,0,0.00714285714286,0.26571428571429,100,7,1,0,37,4,1,0.1764332976,0.07
family,2,852,1871,178697.5176,149175.259887403,7,5,0,2,0,0.03785714285714,0.26571428571429,96,7,1,0,37,4,1,0.1786975176,0.07
family,2,864,1872,180560.7216,149979.031642471,7,5,0,2,0,0.02714285714286,0.27,96,7,1,0,37,4,1,0.1805607216,0.07
family,2,876,1873,183027.5412,151269.958854494,7,5,0,2,0,0.0,0.27,100,7,1,0,37,4,1,0.1830275412,0.07
family,2,888,1874,186641.9268,153488.001884013,7,5,0,2,0,0.0,0.27428571428571,100,7,1,0,37,4,1,0.1866419268,0.07
family,2,900,1875,188806.3548,154493.712928958,7,5,0,2,0,0.02285714285714,0.27428571428571,100,7,1,0,37,4,1,0.1888063548,0.07
family,2,912,1876,190066.9008,154749.650253168,7,5,0,2,0,0.0,0.27857142857143,100,7,1,0,37,4,1,0.1900669008,0.07
family,2,924,1877,190684.0236,154477.940257778,7,5,0,2,0,0.03142857142857,0.27857142857143,100,7,1,0,37,4,1,0.1906840236,0.07
family,2,936,1878,192528.3276,155194.30521093,7,5,0,2,0,0.00357142857143,0.28285714285714,100,7,1,0,37,5,1,0.1925283276,0.07
family,2,948,1879,194917.7496,156336.9054096,7,5,0,2,0,0.0,0.28285714285714,100,7,1,0,37,5,1,0.1949177496,0.07
family,2,960,1880,195774.0876,156240.748538696,7,5,0,2,0,0.00714285714286,0.28714285714286,100,7,1,0,37,5,1,0.1957740876,0.07
family,2,972,1881,198204.7536,157391.816702502,7,5,0,2,0,0.0,0.28714285714286,100,7,1,0,37,5,1,0.1982047536,0.07
family,2,984,1882,200453.3496,158383.66189249,7,5,0,2,0,0.04214285714286,0.29142857142857,100,7,1,0,37,6,1,0.2004533496,0.07
family,2,996,1883,203842.7916,160258.620562279,7,5,0,2,0,0.00928571428571,0.29142857142857,100,7,1,0,37,6,1,0.2038427916,0.07
family,2,1008,1884,207879.7896,162617.503815884,7,5,0,2,0,0.0,0.29571428571429,100,7,1,0,37,7,1,0.2078797896,0.07
family,2,1020,1885,209881.8792,163364.973125584,7,5,0,2,0,0.01857142857143,0.29571428571429,100,7,1,0,37,7,1,0.2098818792,0.07
family,2,1032,1886,211245.4092,163606.389659615,7,5,0,2,0,0.01785714285714,0.3,100,7,1,0,37,7,1,0.2112454092,0.07
family,2,1044,1887,213448.494,164488.31670965,7,5,0,2,0,0.00214285714286,0.3,100,7,1,0,37,7,1,0.213448494,0.07
family,2,1056,1888,215732.874,165419.715807806,7,5,0,2,0,0.01071428571429,0.3,100,7,1,0,37,7,1,0.215732874,0.07
family,2,1068,1889,219307.8636,167322.415393718,7,5,0,2,0,0.03214285714286,0.3,100,7,1,0,37,7,1,0.2193078636,0.07
family,2,1080,1890,223465.7796,169644.556154974,7,5,0,2,0,0.0,0.3,100,7,1,0,37,7,1,0.2234657796,0.07
family,2,1092,1891,227699.0184,171996.27414197,7,5,0,2,0,0.025,0.3,97,7,1,0,37,7,1,0.2276990184,0.07
family,2,1104,1892,230797.6524,173467.551158253,7,5,0,2,0,0.0,0.3,100,7,1,0,37,7,1,0.2307976524,0.07
family,2,1116,1893,233983.4784,174985.085220534,7,5,0,2,0,0.0,0.3,100,7,1,0,37,7,1,0.2339834784,0.07
family,2,1128,1894,237837.8604,176980.659688391,7,5,0,2,0,0.0,0.3,100,7,1,0,37,7,1,0.2378378604,0.07
family,2,1140,1895,241825.6512,179050.758900583,7,5,0,2,0,0.03928571428571,0.3,100,7,1,0,37,7,1,0.2418256512,0.07
family,2,1152,1896,245411.6532,180799.806384901,7,5,0,2,0,0.02785714285714,0.3,100,7,1,0,37,7,1,0.2454116532,0.07
family,2,1164,1897,249476.3292,182877.849060653,7,5,0,2,0,0.0,0.3,96,7,1,0,37,7,1,0.2494763292,0.07
family,2,1176,1898,252060.6312,183850.89957198,7,5,0,2,0,0.0,0.3,100,7,1,0,37,7,1,0.2520606312,0.07
family,2,1188,1899,253744.7052,184156.354122162,7,5,0,2,0,0.01071428571429,0.3,100,7,1,0,37,7,1,0.2537447052,0.07
family,2,1200,1900,255659.0568,184620.482556965,7,5,0,2,0,0.00071428571429,0.3,100,7,1,0,37,7,1,0.2556590568,0.07
family,3,0,1800,84.0,100.0,7,7,0,0,0,0.33571428571429,0.17142857142857,80,7,1,0,18,0,0,0.000084,0.07
family,3,12,1801,1633.8252,1935.33113781321,7,6,0,0,0,0.25928571428571,0.19428571428571,90,7,1,0,18,0,1,0.0016338252,0.07
family,3,24,1802,3586.422,4227.07607163761,7,6,0,0,0,0.19142857142857,0.19428571428571,90,7,1,0,22,0,1,0.003586422,0.07
family,3,36,1803,5479.1352,6425.68853207324,7,6,0,0,0,0.14857142857143,0.19285714285714,92,7,1,0,22,0,1,0.0054791352,0.07
family,3,48,1804,7206.2928,8409.08103043974,7,6,0,0,0,0.03428571428571,0.19714285714286,100,7,1,0,22,0,1,0.0072062928,0.07
family,3,60,1805,9012.486,10464.3008289291,7,6,0,0,0,0.0,0.19714285714286,100,7,1,0,22,0,1,0.009012486,0.07
family,3,72,1806,10686.9252,12346.5995585147,7,6,0,0,0,0.07285714285714,0.19285714285714,100,7,1,0,22,0,1,0.0106869252,0.07
family,3,84,1807,12517.8396,14389.7402737697,7,6,0,0,0,0.05714285714286,0.18857142857143,100,7,1,0,23,0,1,0.0125178396,0.07
family,3,96,1808,14705.5272,16820.2773091454,7,6,0,0,0,0.01357142857143,0.19285714285714,100,7,1,0,23,0,1,0.0147055272,0.07
family,3,108,1809,16450.1232,18721.9330340889,7,6,0,0,0,0.0,0.18571428571429,100,7,1,0,23,0,1,0.0164501232,0.07
family,3,120,1810,18288.4968,20710.401727139,7,6,0,0,0,0.05,0.18571428571429,100,7,1,0,24,0,1,0.0182884968,0.07
family,3,132,1811,19264.7616,21707.1661970528,7,6,0,0,0,0.0,0.18571428571429,100,7,1,0,26,0,1,0.0192647616,0.07
family,3,144,1812,20130.558,22569.6219992901,7,6,0,0,0,0.02571428571429,0.19,100,7,1,0,27,0,1,0.020130558,0.07
family,3,156,1813,21535.542,24024.4391841154,7,6,0,0,0,0.02142857142857,0.18428571428571,96,7,1,0,28,0,1,0.021535542,0.07
family,3,168,1814,22966.3392,25492.839207415,7,6,0,0,0,0.0,0.18857142857143,100,7,1,0,31,0,1,0.0229663392,0.07
family,3,180,1815,25369.6548,28020.1186311481,7,6,0,1,0,0.03,0.19285714285714,100,7,1,0,31,0,1,0.0253696548,0.07
family,3,192,1816,28721.1876,31563.6184826978,7,6,0,1,0,0.0,0.18714285714286,100,7,1,0,31,0,1,0.0287211876,0.07
family,3,204,1817,32222.6688,35235.048928774,7,6,0,1,0,0.0,0.18857142857143,100,7,1,0,33,0,1,0.0322226688,0.07
family,3,216,1818,35544.264,38673.3574495745,7,6,0,1,0,0.0,0.19285714285714,100,7,1,0,34,0,1,0.035544264,0.07
family,3,228,1819,38740.5564,41940.845860049,7,6,0,1,0,0.03142857142857,0.19714285714286,100,7,1,0,34,0,1,0.0387405564,0.07
family,3,240,1820,40338.0852,43452.5822166576,7,6,0,1,0,0.00071428571429,0.19571428571429,100,7,1,0,35,0,1,0.0403380852,0.07
family,3,252,1821,41524.9548,44508.0389343995,7,6,0,1,0,0.0,0.19428571428571,100,7,1,0,35,0,1,0.0415249548,0.07
family,3,264,1822,43086.2376,45951.1984623597,7,6,0,1,0,0.04214285714286,0.19285714285714,100,7,1,0,35,0,1,0.0430862376,0.07
family,3,276,1823,45560.8776,48348.0910747753,7,6,0,1,0,0.00571428571429,0.18857142857143,100,7,1,0,35,0,1,0.0455608776,0.07
family,3,288,1824,48796.4484,51523.3916695501,7,6,0,1,0,0.03142857142857,0.18857142857143,100,7,1,0,36,0,1,0.0487964484,0.07
family,3,300,1825,51761.3796,54381.4838329082,7,6,0,1,0,0.00142857142857,0.18857142857143,100,7,1,0,36,0,1,0.0517613796,0.07
family,3,312,1826,54786.2532,57272.4537869625,7,6,0,1,0,0.0,0.19285714285714,100,7,1,0,36,0,1,0.0547862532,0.07
family,3,324,1827,58225.0536,60563.793084981,7,6,0,1,0,0.03857142857143,0.19285714285714,100,7,1,0,36,0,1,0.0582250536,0.07
family,3,336,1828,61491.3684,63642.3646508361,7,6,0,1,0,0.035,0.19714285714286,100,7,1,0,36,0,1,0.0614913684,0.07
family,3,348,1829,64962.6264,66899.782309488,7,6,0,1,0,0.0,0.19714285714286,100,7,1,0,36,0,1,0.0649626264,0.07
family,3,360,1830,68382.1824,70070.1531417378,7,6,0,1,0,0.00428571428571,0.19714285714286,100,7,1,0,36,0,1,0.0683821824,0.07
family,3,372,1831,71425.3512,72823.4875969861,7,6,0,1,0,0.00285714285714,0.20142857142857,100,7,1,0,36,0,1,0.0714253512,0.07
family,3,384,1832,74755.3548,75838.612072475,7,6,0,1,0,0.03714285714286,0.20571428571429,100,7,1,0,36,0,1,0.0747553548,0.07
family,3,396,1833,76905.7044,77631.0756018282,7,6,0,1,0,0.00285714285714,0.21,100,7,1,0,36,0,1,0.0769057044,0.07
family,3,408,1834,78504.3672,78849.6638575996,7,6,0,1,0,0.00428571428571,0.21,100,7,1,0,36,0,1,0.0785043672,0.07
family,3,420,1835,80265.0576,80216.0976378759,7,6,0,1,0,0.03857142857143,0.21428571428571,100,7,1,0,36,0,1,0.0802650576,0.07
family,3,432,1836,81607.1592,81150.6959605107,7,6,0,1,0,0.07714285714286,0.21428571428571,97,7,1,0,36,0,1,0.0816071592,0.07
family,3,444,1837,82986.0444,82110.3744461451,7,6,0,1,0,0.02142857142857,0.21714285714286,100,7,1,0,36,0,1,0.0829860444,0.07
family,3,456,1838,84198.618,82894.7281551328,7,6,0,1,0,0.00857142857143,0.21714285714286,100,7,1,0,36,0,1,0.084198618,0.07
family,3,468,1839,85564.542,83819.4406480262,7,5,0,1,0,0.0,0.22428571428571,100,7,1,0,36,0,1,0.085564542,0.07
family,3,480,1840,87075.9456,84874.6717176287,7,5,0,1,0,0.05,0.22857142857143,100,7,1,0,36,0,1,0.0870759456,0.07
family,3,492,1841,90432.5016,87706.8336744816,7,5,0,1,0,0.02357142857143,0.22857142857143,100,7,1,0,36,0,1,0.0904325016,0.07
family,3,504,1842,93424.4892,90156.8231000936,7,5,0,1,0,0.0,0.23285714285714,100,7,1,0,36,0,1,0.0934244892,0.07
family,3,516,1843,95778.6732,91967.7717500816,7,5,0,1,0,0.03928571428571,0.22857142857143,100,7,1,0,36,0,1,0.0957786732,0.07
family,3,528,1844,99057.0672,94641.4298795298,7,5,0,1,0,0.0,0.23285714285714,100,7,1,0,36,0,1,0.0990570672,0.07
family,3,540,1845,100660.3752,95693.7011767876,7,5,0,1,0,0.0,0.23285714285714,100,7,1,0,36,0,1,0.1006603752,0.07
family,3,552,1846,101414.5692,95929.9321760683,7,5,0,1,0,0.00285714285714,0.23285714285714,100,7,1,0,37,0,1,0.1014145692,0.07
family,3,564,1847,104002.6092,97887.4470520714,7,5,0,1,0,0.00571428571429,0.23285714285714,100,7,1,0,37,0,1,0.1040026092,0.07
family,3,576,1848,107485.8372,100661.405608293,7,5,0,1,0,0.0,0.23714285714286,100,7,1,0,37,0,1,0.1074858372,0.07
family,3,588,1849,110364.2064,102841.634770157,7,5,0,1,0,0.03928571428571,0.23714285714286,100,7,1,0,37,1,1,0.1103642064,0.07
family,3,600,1850,113379.4704,105124.54539731,7,5,0,1,0,0.0,0.24142857142857,100,7,1,0,37,1,1,0.1133794704,0.07
family,3,612,1851,115702.0704,106743.101384403,7,5,0,1,0,0.02928571428571,0.24142857142857,100,7,1,0,37,1,1,0.1157020704,0.07
family,3,624,1852,117771.57,108110.563503087,7,5,0,1,0,0.00214285714286,0.24142857142857,100,7,1,0,37,2,1,0.11777157,0.07
family,3,636,1853,121314.144,110807.226439781,7,5,0,1,0,0.00571428571429,0.24142857142857,100,7,1,0,37,2,1,0.121314144,0.07
family,3,648,1854,124790.6688,113414.279562475,7,5,0,1,0,0.0,0.24571428571429,100,7,1,0,37,3,1,0.1247906688,0.07
family,3,660,1855,127231.6668,115056.146040038,7,5,0,1,0,0.02714285714286,0.24428571428571,100,7,1,0,37,3,1,0.1272316668,0.07
family,3,672,1856,128970.0888,116046.643797497,7,5,0,1,0,0.00357142857143,0.24857142857143,100,7,1,0,37,4,1,0.1289700888,0.07
family,3,684,1857,131456.8248,117694.374142688,7,5,0,1,0,0.00142857142857,0.24857142857143,100,7,1,0,37,4,1,0.1314568248,0.07
family,3,696,1858,132183.3408,117754.705205747,7,5,0,1,0,0.0,0.25285714285714,100,7,1,0,37,4,1,0.1321833408,0.07
family,3,708,1859,132900.1968,117802.945475616,7,5,0,1,0,0.00285714285714,0.25285714285714,100,7,1,0,37,4,1,0.1329001968,0.07
family,3,720,1860,133943.9808,118136.121140061,7,5,0,2,0,0.0,0.25714285714286,100,7,1,0,37,4,1,0.1339439808,0.07
family,3,732,1861,136062.0408,119405.811850164,7,5,0,2,0,0.04142857142857,0.25714285714286,100,7,1,0,37,4,1,0.1360620408,0.07
family,3,744,1862,138356.5008,120813.936321537,7,5,0,2,0,0.0,0.26142857142857,100,7,1,0,37,4,1,0.1383565008,0.07
family,3,756,1863,142176.9468,123530.906522752,7,5,0,2,0,0.0,0.26142857142857,100,7,1,0,37,4,1,0.1421769468,0.07
family,3,768,1864,144656.2488,125058.329596682,7,5,0,2,0,0.005,0.26571428571429,96,7,1,0,37,4,1,0.1446562488,0.07
family,3,780,1865,148191.8088,127476.051649411,7,5,0,2,0,0.00142857142857,0.26571428571429,100,7,1,0,37,4,1,0.1481918088,0.07
family,3,792,1866,152020.2768,130117.258191984,7,5,0,2,0,0.025,0.27,100,7,1,0,37,4,1,0.1520202768,0.07
family,3,804,1867,154374.234,131473.183735654,7,5,0,2,0,0.05214285714286,0.27,100,7,1,0,37,4,1,0.154374234,0.07
family,3,816,1868,156741.018,132823.220808702,7,5,0,2,0,0.00285714285714,0.27428571428571,100,7,1,0,37,4,1,0.156741018,0.07
family,3,828,1869,159891.354,134817.200335895,7,5,0,2,0,0.0,0.27428571428571,100,7,1,0,37,4,1,0.159891354,0.07
family,3,840,1870,161913.8388,135841.751734095,7,5,0,2,0,0.00142857142857,0.27857142857143,100,7,1,0,37,4,1,0.1619138388,0.07
family,3,852,1871,163857.6996,136787.098392138,7,5,0,2,0,0.0,0.27857142857143,100,7,1,0,37,4,1,0.1638576996,0.07
family,3,864,1872,167290.6872,138956.551827712,7,5,0,2,0,0.0,0.28285714285714,100,7,1,0,37,4,1,0.1672906872,0.07
family,3,876,1873,171260.3592,141544.531056563,7,5,0,2,0,0.01285714285714,0.28285714285714,97,7,1,0,37,4,1,0.1712603592,0.07
family,3,888,1874,174165.096,143227.478634116,7,5,0,2,0,0.04142857142857,0.28714285714286,96,7,1,0,37,4,1,0.174165096,0.07
family,3,900,1875,177144.828,144951.488697888,7,5,0,2,0,0.00928571428571,0.28714285714286,100,7,1,0,37,4,1,0.177144828,0.07
family,3,912,1876,179431.392,146090.376807149,7,5,0,2,0,0.0,0.29142857142857,100,7,1,0,37,4,1,0.179431392,0.07
family,3,924,1877,180143.964,145939.171951642,7,5,0,2,0,0.01428571428571,0.29142857142857,100,7,1,0,37,4,1,0.180143964,0.07
family,3,936,1878,183081.528,147579.376443487,7,5,0,2,0,0.01,0.29571428571429,100,7,1,0,37,5,1,0.183081528,0.07
family,3,948,1879,186068.274,149239.041656089,7,5,0,2,0,0.0,0.29571428571429,100,7,1,0,37,5,1,0.186068274,0.07
family,3,960,1880,187841.2536,149909.819162968,7,5,0,2,0,0.02857142857143,0.3,100,7,1,0,37,5,1,0.1878412536,0.07
family,3,972,1881,188452.1436,149647.395957736,7,5,0,2,0,0.0,0.3,97,7,1,0,37,5,1,0.1884521436,0.07
family,3,984,1882,191330.8404,151175.71842022,7,5,0,2,0,0.0,0.3,97,7,1,0,37,6,1,0.1913308404,0.07
family,3,996,1883,195176.2344,153445.083075894,7,5,0,2,0,0.01785714285714,0.3,100,7,1,0,37,6,1,0.1951762344,0.07
family,3,1008,1884,199010.952,155679.704643413,7,5,0,2,0,0.00357142857143,0.3,100,7,1,0,37,7,1,0.199010952,0.07
family,3,1020,1885,202799.9148,157852.610989833,7,5,0,2,0,0.00571428571429,0.3,100,7,1,0,37,7,1,0.2027999148,0.07
family,3,1032,1886,206663.6208,160057.863511061,7,5,0,2,0,0.0,0.3,100,7,1,0,37,7,1,0.2066636208,0.07
family,3,1044,1887,210384.8208,162127.379707131,7,5,0,2,0,0.0,0.3,100,7,1,0,37,7,1,0.2103848208,0.07
family,3,1056,1888,213025.8228,163344.002302125,7,5,0,2,0,0.03214285714286,0.3,100,7,1,0,37,7,1,0.2130258228,0.07
family,3,1068,1889,214774.8456,163863.91870175,7,5,0,2,0,0.02214285714286,0.3,98,7,1,0,37,7,1,0.2147748456,0.07
family,3,1080,1890,215274.1836,163425.887372182,7,5,0,2,0,0.00071428571429,0.3,98,7,1,0,37,7,1,0.2152741836,0.07
family,3,1092,1891,215731.8324,162956.65939779,7,5,0,2,0,0.03214285714286,0.3,100,7,1,0,37,7,1,0.2157318324,0.07
family,3,1104,1892,216486.6144,162711.372789115,7,5,0,2,0,0.00071428571429,0.3,100,7,1,0,37,7,1,0.2164866144,0.07
family,3,1116,1893,220182.2364,164663.794486533,7,5,0,2,0,0.0,0.3,100,7,1,0,37,7,1,0.2201822364,0.07
family,3,1128,1894,224047.3284,166718.805470946,7,5,0,2,0,0.0,0.3,100,7,1,0,37,7,1,0.2240473284,0.07
family,3,1140,1895,226427.628,167649.868524199,7,5,0,2,0,0.00285714285714,0.3,100,7,1,0,37,7,1,0.226427628,0.07
family,3,1152,1896,229779.396,169283.20137342,7,5,0,2,0,0.01428571428571,0.3,100,7,1,0,37,7,1,0.229779396,0.07
family,3,1164,1897,231797.286,169918.281296312,7,5,0,2,0,0.01785714285714,0.3,100,7,1,0,37,7,1,0.231797286,0.07
family,3,1176,1898,232215.8076,169376.252526396,7,5,0,2,0,0.0,0.3,100,7,1,0,37,7,1,0.2322158076,0.07
family,3,1188,1899,234557.7024,170231.301067775,7,5,0,2,0,0.03071428571429,0.3,96,7,1,0,37,7,1,0.2345577024,0.07
family,3,1200,1900,236897.1444,171071.839436963,7,5,0,2,0,0.00714285714286,0.3,100,7,1,0,37,7,1,0.2368971444,0.07
